"prior_id","date","variable","observation","forecast_mean","error","absolute_error","squared_error","crps","coverage_68","coverage_90","scale"
"published_baseline",2019-07-01,"igi",0.336518716202664,0.307119432189804,-0.0293992840128598,0.0293992840128598,0.000864317900468797,0.0220035681072235,FALSE,FALSE,0.188567331614857
"published_baseline",2019-07-01,"ci",1,0.994977962931067,-0.00502203706893289,0.00502203706893289,2.52208563217361e-05,0.00320419500103984,FALSE,TRUE,0.072689807061618
"published_baseline",2019-07-01,"gha",-0.233134769467566,-0.0706766148229992,0.162458154644567,0.162458154644567,0.026392652010518,0.102380976991836,FALSE,TRUE,4.32080869866652
"published_baseline",2019-07-01,"exp",3.65,3.5574340034565,-0.0925659965435024,0.0925659965435024,0.0085684637160917,0.0579288638378548,FALSE,TRUE,1.24041120436097
"published_baseline",2019-07-01,"selic",6.33684441173752,6.26478498614377,-0.0720594255937517,0.0720594255937517,0.00519256081690143,0.0577759076082172,FALSE,FALSE,4.28014378136769
"published_baseline",2019-08-01,"igi",0.297825361058368,0.339166067186554,0.0413407061281859,0.0413407061281859,0.00170905398317702,0.0334713489108283,FALSE,FALSE,0.188567331614857
"published_baseline",2019-08-01,"ci",1,0.99221453043077,-0.00778546956923021,0.00778546956923021,6.06135364134096e-05,0.00560122491454077,FALSE,FALSE,0.072689807061618
"published_baseline",2019-08-01,"gha",-0.384946636272569,-0.29388709670762,0.0910595395649488,0.0910595395649488,0.00829183974578047,0.0554378958473407,TRUE,TRUE,4.32080869866652
"published_baseline",2019-08-01,"exp",3.49,3.73443513699367,0.244435136993665,0.244435136993665,0.0597485361971118,0.198704688296173,FALSE,FALSE,1.24041120436097
"published_baseline",2019-08-01,"selic",6.26283049994651,6.35206976855027,0.0892392686037589,0.0892392686037589,0.00796364706093382,0.0751634588088067,FALSE,FALSE,4.28014378136769
"published_baseline",2019-09-01,"igi",0.34572392334498,0.29352093413089,-0.0522029892140896,0.0522029892140896,0.00272515208288635,0.0447758605795434,FALSE,FALSE,0.188567331614857
"published_baseline",2019-09-01,"ci",1,0.995880675828586,-0.0041193241714137,0.0041193241714137,1.69688316291931e-05,0.00248355364410804,FALSE,TRUE,0.072689807061618
"published_baseline",2019-09-01,"gha",-0.536758503077572,-0.43807267324161,0.0986858298359622,0.0986858298359622,0.00973889301041249,0.0587123081450003,TRUE,TRUE,4.32080869866652
"published_baseline",2019-09-01,"exp",3.34,3.54265707263238,0.202657072632384,0.202657072632384,0.0410698890879272,0.158950392254425,FALSE,FALSE,1.24041120436097
"published_baseline",2019-09-01,"selic",6.25225392679034,6.20532750959207,-0.046926417198268,0.046926417198268,0.0022020886310659,0.0337310495997423,FALSE,FALSE,4.28014378136769
"published_baseline",2019-10-01,"igi",0.760918870404394,0.332886582169688,-0.428032288234706,0.428032288234706,0.183211639771439,0.420257382516151,FALSE,FALSE,0.188567331614857
"published_baseline",2019-10-01,"ci",1,0.995118398661219,-0.00488160133878113,0.00488160133878113,2.38300316307897e-05,0.00303526471739386,FALSE,TRUE,0.072689807061618
"published_baseline",2019-10-01,"gha",-0.451727754964882,-0.601279961335579,-0.149552206370697,0.149552206370697,0.0223658624303436,0.0920289878252236,FALSE,TRUE,4.32080869866652
"published_baseline",2019-10-01,"exp",3.37,3.38538640076762,0.0153864007676225,0.0153864007676225,0.000236741328581896,0.0201090107825265,TRUE,TRUE,1.24041120436097
"published_baseline",2019-10-01,"selic",6.18884498273218,6.24086070257562,0.0520157198434408,0.0520157198434408,0.00270563511083132,0.0382821629034898,FALSE,FALSE,4.28014378136769
"published_baseline",2019-11-01,"igi",1,0.689443938042478,-0.310556061957522,0.310556061957522,0.0964450676185639,0.292519921450567,FALSE,FALSE,0.188567331614857
"published_baseline",2019-11-01,"ci",1,0.990666648496529,-0.00933335150347059,0.00933335150347059,8.71114502873367e-05,0.0058215627208484,FALSE,TRUE,0.072689807061618
"published_baseline",2019-11-01,"gha",-0.363862648581769,-0.667654318286802,-0.303791669705033,0.303791669705033,0.0922893785821717,0.207576635043029,FALSE,FALSE,4.32080869866652
"published_baseline",2019-11-01,"exp",3.81,3.47371848312299,-0.336281516877007,0.336281516877007,0.113085258593101,0.266783015459658,FALSE,FALSE,1.24041120436097
"published_baseline",2019-11-01,"selic",6.07260682024735,6.13779736354743,0.0651905433000834,0.0651905433000834,0.00424980693576005,0.040887108560613,FALSE,TRUE,4.28014378136769
"published_baseline",2019-12-01,"igi",0.981329524820544,0.953461386646652,-0.0278681381738922,0.0278681381738922,0.000776633125279149,0.016918350286831,TRUE,TRUE,0.188567331614857
"published_baseline",2019-12-01,"ci",1,0.990791872816635,-0.0092081271833645,0.0092081271833645,8.47896062250162e-05,0.0058240812570131,FALSE,TRUE,0.072689807061618
"published_baseline",2019-12-01,"gha",-0.278831900469079,-0.805829659302268,-0.526997758833189,0.526997758833189,0.277726637815204,0.425862440061034,FALSE,FALSE,4.32080869866652
"published_baseline",2019-12-01,"exp",4.1,4.0176783910383,-0.0823216089617045,0.0823216089617045,0.00677684730204378,0.0502796990545472,TRUE,TRUE,1.24041120436097
"published_baseline",2019-12-01,"selic",5.9459403577294,6.00762067588885,0.0616803181594481,0.0616803181594481,0.00380446164825074,0.0384872381530128,FALSE,TRUE,4.28014378136769
"published_baseline",2020-01-01,"igi",0.718596176759615,0.93087967941287,0.212283502653255,0.212283502653255,0.0450642854987343,0.19438878581015,FALSE,FALSE,0.188567331614857
"published_baseline",2020-01-01,"ci",1,0.995389262546493,-0.00461073745350682,0.00461073745350682,2.12588998651705e-05,0.00288170285275164,TRUE,TRUE,0.072689807061618
"published_baseline",2020-01-01,"gha",-1.14220082511388,-0.720243358947838,0.421957466166042,0.421957466166042,0.178048103253266,0.321451797523742,FALSE,FALSE,4.32080869866652
"published_baseline",2020-01-01,"exp",3.44,4.27783672611341,0.837836726113406,0.837836726113406,0.70197037962443,0.769892505100307,FALSE,FALSE,1.24041120436097
"published_baseline",2020-01-01,"selic",5.77733730961685,5.90895845774328,0.131621148126433,0.131621148126433,0.0173241266341204,0.104461396423987,FALSE,FALSE,4.28014378136769
"published_baseline",2020-02-01,"igi",0.696348024674756,0.633817020431255,-0.0625310042435013,0.0625310042435013,0.00391012649170078,0.0428871208899364,FALSE,FALSE,0.188567331614857
"published_baseline",2020-02-01,"ci",1,1.00520323744719,0.00520323744718687,0.00520323744718687,2.70736799318077e-05,0.00313967368452081,TRUE,TRUE,0.072689807061618
"published_baseline",2020-02-01,"gha",-2.00556974975868,-2.12034843490215,-0.114778685143472,0.114778685143472,0.0131741465632643,0.0699427141804797,TRUE,TRUE,4.32080869866652
"published_baseline",2020-02-01,"exp",3.46,3.36344741608154,-0.0965525839184638,0.0965525839184638,0.00932240146133199,0.0583188083508957,TRUE,TRUE,1.24041120436097
"published_baseline",2020-02-01,"selic",5.56681419824334,5.7380254343784,0.171211236135059,0.171211236135059,0.0293132873788948,0.139640747477348,FALSE,FALSE,4.28014378136769
"published_baseline",2020-03-01,"igi",0.744792120162424,0.655215557661261,-0.0895765625011629,0.0895765625011629,0.00802396054952474,0.077578776043469,FALSE,FALSE,0.188567331614857
"published_baseline",2020-03-01,"ci",1,0.996030777793039,-0.0039692222069615,0.0039692222069615,1.57547249282363e-05,0.0023137353061376,TRUE,TRUE,0.072689807061618
"published_baseline",2020-03-01,"gha",-2.81323745345866,-2.83333863125621,-0.0201011777975513,0.0201011777975513,0.000404057348848768,0.0335852222868506,TRUE,TRUE,4.32080869866652
"published_baseline",2020-03-01,"exp",3.13,3.52085284244788,0.390852842447884,0.390852842447884,0.15276594444959,0.337597826325415,FALSE,FALSE,1.24041120436097
"published_baseline",2020-03-01,"selic",5.43021933563987,5.40903001876007,-0.0211893168798047,0.0211893168798047,0.000448987149832778,0.0128022514613912,TRUE,TRUE,4.28014378136769
"published_baseline",2020-04-01,"igi",0.614336108827054,0.700897511482801,0.0865614026557469,0.0865614026557469,0.00749287642973034,0.0742085719727084,FALSE,FALSE,0.188567331614857
"published_baseline",2020-04-01,"ci",1,0.998750933476015,-0.00124906652398504,0.00124906652398504,1.56016718134008e-06,0.00134038423336221,TRUE,TRUE,0.072689807061618
"published_baseline",2020-04-01,"gha",-5.70238718279039,-3.57393478429809,2.1284523984923,2.1284523984923,4.53030961264764,2.04725419289627,FALSE,FALSE,4.32080869866652
"published_baseline",2020-04-01,"exp",2.5,3.14112132341213,0.641121323412134,0.641121323412134,0.411036551333726,0.586246066037796,FALSE,FALSE,1.24041120436097
"published_baseline",2020-04-01,"selic",5.17849577176646,5.34043339292792,0.161937621161459,0.161937621161459,0.0262237931474323,0.142868636390316,FALSE,FALSE,4.28014378136769
"published_baseline",2020-05-01,"igi",0.697980641983104,0.565460686103533,-0.132519955879571,0.132519955879571,0.0175615387063235,0.110780719332973,FALSE,FALSE,0.188567331614857
"published_baseline",2020-05-01,"ci",1,1.00178148728892,0.00178148728892125,0.00178148728892125,3.17369696058797e-06,0.00200937639000495,TRUE,TRUE,0.072689807061618
"published_baseline",2020-05-01,"gha",-8.49833853375657,-7.93881055190617,0.559527981850404,0.559527981850404,0.313071562473586,0.439390355507324,FALSE,FALSE,4.32080869866652
"published_baseline",2020-05-01,"exp",2.67,2.39069558353835,-0.27930441646165,0.27930441646165,0.0780109570549827,0.202899151518246,FALSE,FALSE,1.24041120436097
"published_baseline",2020-05-01,"selic",4.86465502448645,4.99228567128785,0.127630646801399,0.127630646801399,0.0162895820029435,0.0968712532388553,FALSE,FALSE,4.28014378136769
"published_baseline",2020-06-01,"igi",0.618410053019843,0.694496878836745,0.076086825816902,0.076086825816902,0.00578920506289158,0.0565239195696786,FALSE,FALSE,0.188567331614857
"published_baseline",2020-06-01,"ci",1,0.992909073936935,-0.00709092606306516,0.00709092606306516,5.02812324318568e-05,0.00425096060565648,TRUE,TRUE,0.072689807061618
"published_baseline",2020-06-01,"gha",-11.3874882630883,-10.5696752041779,0.817813058910357,0.817813058910357,0.668818199324315,0.702007119487294,FALSE,FALSE,4.32080869866652
"published_baseline",2020-06-01,"exp",3.22,2.72919653989208,-0.490803460107925,0.490803460107925,0.240888036453912,0.415958423656909,FALSE,FALSE,1.24041120436097
"published_baseline",2020-06-01,"selic",4.59328237288532,4.55063432103611,-0.0426480518492101,0.0426480518492101,0.00181885632653291,0.0254838420220973,TRUE,TRUE,4.28014378136769
"published_baseline",2020-07-01,"igi",0.644312255357632,0.632609635466759,-0.0117026198908728,0.0117026198908728,0.000136951312310253,0.00986030585342431,TRUE,TRUE,0.188567331614857
"published_baseline",2020-07-01,"ci",1,0.991726706857539,-0.00827329314246084,0.00827329314246084,6.84473794210895e-05,0.00505917585867274,FALSE,TRUE,0.072689807061618
"published_baseline",2020-07-01,"gha",-9.3855916068707,-13.4713931616231,-4.0858015547524,4.0858015547524,16.6937743448171,3.957130927617,FALSE,FALSE,4.32080869866652
"published_baseline",2020-07-01,"exp",3.2,3.36180767454159,0.161807674541594,0.161807674541594,0.0261817235405585,0.100507438746828,FALSE,TRUE,1.24041120436097
"published_baseline",2020-07-01,"selic",4.19808055025734,4.30782280342121,0.109742253163873,0.109742253163873,0.0120433621294835,0.0802086987615968,FALSE,FALSE,4.28014378136769
"published_baseline",2020-08-01,"igi",0.50902807123662,0.654209745368829,0.14518167413221,0.14518167413221,0.0210777185038311,0.127950756566279,FALSE,FALSE,0.188567331614857
"published_baseline",2020-08-01,"ci",1,0.993312280125811,-0.00668771987418859,0.00668771987418859,4.47255971156171e-05,0.00407502161678826,FALSE,TRUE,0.072689807061618
"published_baseline",2020-08-01,"gha",-7.31696506211252,-7.86958234906618,-0.552617286953661,0.552617286953661,0.305385865840025,0.408397916655567,FALSE,FALSE,4.32080869866652
"published_baseline",2020-08-01,"exp",3.14,3.26236381821525,0.122363818215255,0.122363818215255,0.0149729040082159,0.0736985492570796,FALSE,TRUE,1.24041120436097
"published_baseline",2020-08-01,"selic",3.84556963098286,3.81460534133976,-0.0309642896431037,0.0309642896431037,0.00095878723310202,0.0186947237782648,TRUE,TRUE,4.28014378136769
"published_baseline",2020-09-01,"igi",0.460566696696968,0.511306402263967,0.0507397055669989,0.0507397055669989,0.00257451772102574,0.0351734378653953,FALSE,FALSE,0.188567331614857
"published_baseline",2020-09-01,"ci",1,0.994725246108362,-0.00527475389163801,0.00527475389163801,2.78230286173503e-05,0.00310419887185674,TRUE,TRUE,0.072689807061618
"published_baseline",2020-09-01,"gha",-5.24833851735433,-5.69887398723413,-0.450535469879802,0.450535469879802,0.202982209619814,0.313267363914127,FALSE,FALSE,4.32080869866652
"published_baseline",2020-09-01,"exp",3.37,3.16302984698316,-0.206970153016835,0.206970153016835,0.0428366442398122,0.145492989255399,FALSE,FALSE,1.24041120436097
"published_baseline",2020-09-01,"selic",3.53545942901896,3.5143988251002,-0.0210606039187637,0.0210606039187637,0.000443549037423047,0.0145880216791007,TRUE,TRUE,4.28014378136769
"published_baseline",2020-10-01,"igi",0.508204531969605,0.467036948064887,-0.0411675839047178,0.0411675839047178,0.00169476996455198,0.0278465787656741,FALSE,TRUE,0.188567331614857
"published_baseline",2020-10-01,"ci",1,0.991947709508316,-0.0080522904916841,0.0080522904916841,6.48393821624662e-05,0.00524315336037488,FALSE,TRUE,0.072689807061618
"published_baseline",2020-10-01,"gha",-3.97737747075211,-3.56522601428503,0.412151456467079,0.412151456467079,0.169868823067934,0.284941611825108,FALSE,FALSE,4.32080869866652
"published_baseline",2020-10-01,"exp",3.92,3.46982999759641,-0.450170002403591,0.450170002403591,0.202653031064049,0.389787321425685,FALSE,FALSE,1.24041120436097
"published_baseline",2020-10-01,"selic",3.20572866650617,3.24371848407595,0.0379898175697804,0.0379898175697804,0.00144322623898519,0.0230457842713067,TRUE,TRUE,4.28014378136769
"published_baseline",2020-11-01,"igi",0.479623500786908,0.515738093224868,0.0361145924379598,0.0361145924379598,0.00130426378695995,0.0242216216032584,FALSE,TRUE,0.188567331614857
"published_baseline",2020-11-01,"ci",0.993125,0.989582406274081,-0.00354259372591914,0.00354259372591914,1.25499703069217e-05,0.00211466258846294,TRUE,TRUE,0.072689807061618
"published_baseline",2020-11-01,"gha",-2.66405105592981,-2.89658716513299,-0.232536109203184,0.232536109203184,0.0540730420833553,0.139035888743444,TRUE,TRUE,4.32080869866652
"published_baseline",2020-11-01,"exp",4.11,4.09721763472827,-0.0127823652717307,0.0127823652717307,0.000163388861939947,0.0232183926205208,TRUE,TRUE,1.24041120436097
"published_baseline",2020-11-01,"selic",2.96925409394893,2.89960331881965,-0.0696507751292796,0.0696507751292796,0.00485123047610948,0.051261301131162,FALSE,FALSE,4.28014378136769
"published_baseline",2020-12-01,"igi",0.402116942835389,0.479812276841955,0.0776953340065656,0.0776953340065656,0.00603656492639179,0.0671636886464658,FALSE,FALSE,0.188567331614857
"published_baseline",2020-12-01,"ci",0.99375,0.985934715205566,-0.00781528479443372,0.00781528479443372,6.10786764181069e-05,0.00542555272042449,FALSE,FALSE,0.072689807061618
"published_baseline",2020-12-01,"gha",-1.39309000932759,-1.72008813660147,-0.326998127273878,0.326998127273878,0.106927775240624,0.215637133932627,FALSE,TRUE,4.32080869866652
"published_baseline",2020-12-01,"exp",4.1,4.22824573734302,0.128245737343019,0.128245737343019,0.0164469691466547,0.0837128036727183,FALSE,TRUE,1.24041120436097
"published_baseline",2020-12-01,"selic",2.75381578210545,2.77777867615263,0.0239628940471843,0.0239628940471843,0.000574220291116582,0.013889879993512,TRUE,TRUE,4.28014378136769
"published_baseline",2021-01-01,"igi",0.471310372606226,0.397374228130306,-0.0739361444759203,0.0739361444759203,0.00546655345996416,0.0629459878110934,FALSE,FALSE,0.188567331614857
"published_baseline",2021-01-01,"ci",1,0.989045981047451,-0.0109540189525491,0.0109540189525491,0.000119990531212805,0.00853328966776478,FALSE,FALSE,0.072689807061618
"published_baseline",2021-01-01,"gha",-1.2171126928148,-0.511257403389683,0.705855289425117,0.705855289425117,0.498231689609416,0.581883420794867,FALSE,FALSE,4.32080869866652
"published_baseline",2021-01-01,"exp",3.57,4.17870438229536,0.608704382295357,0.608704382295357,0.370521025025572,0.558103896220989,FALSE,FALSE,1.24041120436097
"published_baseline",2021-01-01,"selic",2.51837667441583,2.59207997895357,0.0737033045377387,0.0737033045377387,0.00543217709978265,0.0574887665813901,FALSE,FALSE,4.28014378136769
"published_baseline",2021-02-01,"igi",0.336702550886205,0.449053009020106,0.112350458133901,0.112350458133901,0.0126226254428974,0.100835690044977,FALSE,FALSE,0.188567331614857
"published_baseline",2021-02-01,"ci",0.985230769230769,0.998865770108366,0.0136350008775973,0.0136350008775973,0.000185913248932079,0.0110616850341774,FALSE,FALSE,0.072689807061618
"published_baseline",2021-02-01,"gha",-1.041135376302,-1.28427835953589,-0.243142983233892,0.243142983233892,0.0591185102958767,0.147241194389751,FALSE,TRUE,4.32080869866652
"published_baseline",2021-02-01,"exp",3.99,3.58358680722944,-0.406413192770559,0.406413192770559,0.16517168325796,0.352618262474086,FALSE,FALSE,1.24041120436097
"published_baseline",2021-02-01,"selic",2.35482158150622,2.35049555819396,-0.00432602331225684,0.00432602331225684,1.87144776981897e-05,0.00749570624378985,TRUE,TRUE,4.28014378136769
"published_baseline",2021-03-01,"igi",0.437750125055564,0.361917715874018,-0.0758324091815462,0.0758324091815462,0.00575055428227745,0.0656260370371939,FALSE,FALSE,0.188567331614857
"published_baseline",2021-03-01,"ci",0.953846153846154,0.976303241046804,0.0224570872006499,0.0224570872006499,0.000504320765537592,0.0200067251164964,FALSE,FALSE,0.072689807061618
"published_baseline",2021-03-01,"gha",-0.882188122677541,-0.774353802842088,0.107834319835453,0.107834319835453,0.0116282405343747,0.0696745083845754,TRUE,TRUE,4.32080869866652
"published_baseline",2021-03-01,"exp",4.5,4.11488175963949,-0.38511824036051,0.38511824036051,0.148316059058375,0.334453494782415,FALSE,FALSE,1.24041120436097
"published_baseline",2021-03-01,"selic",2.21201038934546,2.22122956260523,0.00921917325976684,0.00921917325976684,8.49931555936e-05,0.00793795351110143,TRUE,TRUE,4.28014378136769
"published_baseline",2021-04-01,"igi",0.552744968025469,0.461814028655737,-0.0909309393697318,0.0909309393697318,0.00826843573466184,0.0808011804784052,FALSE,FALSE,0.188567331614857
"published_baseline",2021-04-01,"ci",0.978461538461538,0.942041523300834,-0.0364200151607043,0.0364200151607043,0.00132641750430593,0.034011963471932,FALSE,FALSE,0.072689807061618
"published_baseline",2021-04-01,"gha",-1.22008660249197,-0.709144691848306,0.510941910643664,0.510941910643664,0.261061636052198,0.387459122656224,FALSE,FALSE,4.32080869866652
"published_baseline",2021-04-01,"exp",4.1,4.68842755163055,0.588427551630552,0.588427551630552,0.346246983517926,0.536757069767088,FALSE,FALSE,1.24041120436097
"published_baseline",2021-04-01,"selic",2.14066175824001,2.10320594356861,-0.0374558146714028,0.0374558146714028,0.00140293805269847,0.024348959002797,FALSE,TRUE,4.28014378136769
"published_baseline",2021-05-01,"igi",0.544447961309629,0.519853397941134,-0.0245945633684952,0.0245945633684952,0.000604892547286926,0.0157200005481892,FALSE,TRUE,0.188567331614857
"published_baseline",2021-05-01,"ci",0.956923076923077,0.979103993248959,0.022180916325882,0.022180916325882,0.00049199304905578,0.0195689272307055,FALSE,FALSE,0.072689807061618
"published_baseline",2021-05-01,"gha",-1.54708513134464,-1.65264455739368,-0.105559426049043,0.105559426049043,0.0111427924278034,0.0733528685932287,TRUE,TRUE,4.32080869866652
"published_baseline",2021-05-01,"exp",4.45,4.08358676202368,-0.366413237976324,0.366413237976324,0.134258660964294,0.312481401998263,FALSE,FALSE,1.24041120436097
"published_baseline",2021-05-01,"selic",2.1712305915675,2.12104538844193,-0.0501852031255661,0.0501852031255661,0.00251855461275433,0.0348611266304481,FALSE,FALSE,4.28014378136769
"published_baseline",2021-06-01,"igi",0.542209655734563,0.557952517223076,0.015742861488513,0.015742861488513,0.000247837687846506,0.00950672862940782,TRUE,TRUE,0.188567331614857
"published_baseline",2021-06-01,"ci",0.955489230769231,0.949484706339435,-0.00600452442979615,0.00600452442979615,3.60543136280188e-05,0.00394931040071771,FALSE,TRUE,0.072689807061618
"published_baseline",2021-06-01,"gha",-1.88498361115906,-1.82899221607486,0.0559913950842035,0.0559913950842035,0.00313503632347537,0.0558835784150908,TRUE,TRUE,4.32080869866652
"published_baseline",2021-06-01,"exp",4.4733,4.54760910892979,0.0743091089297927,0.0743091089297927,0.0055218436699398,0.0438796661615754,TRUE,TRUE,1.24041120436097
"published_baseline",2021-06-01,"selic",2.27318771220573,2.22217589968985,-0.0510118125158789,0.0510118125158789,0.00260220501615518,0.0373630021480536,FALSE,FALSE,4.28014378136769
"published_baseline",2021-07-01,"igi",0.402314200210209,0.541824670340363,0.139510470130153,0.139510470130153,0.0194631712759365,0.130886203433632,FALSE,FALSE,0.188567331614857
"published_baseline",2021-07-01,"ci",0.930024615384615,0.95231752354097,0.0222929081563545,0.0222929081563545,0.000496973754067659,0.0201836228270595,FALSE,FALSE,0.072689807061618
"published_baseline",2021-07-01,"gha",-1.8415536508321,-2.20609274241589,-0.364539091583788,0.364539091583788,0.132888749292733,0.252672080017497,FALSE,FALSE,4.32080869866652
"published_baseline",2021-07-01,"exp",4.8871,4.50118814572056,-0.385911854279444,0.385911854279444,0.148927959273399,0.338800402828518,FALSE,FALSE,1.24041120436097
"published_baseline",2021-07-01,"selic",2.44672241538046,2.39497937914265,-0.0517430362378133,0.0517430362378133,0.00267734179910766,0.0385791463085966,FALSE,FALSE,4.28014378136769
"published_baseline",2021-08-01,"igi",0.449918725727574,0.439463581877287,-0.0104551438502872,0.0104551438502872,0.000109310032930198,0.00666250018636269,TRUE,TRUE,0.188567331614857
"published_baseline",2021-08-01,"ci",0.933852307692308,0.923401439111672,-0.010450868580636,0.010450868580636,0.000109220654089726,0.0078975632905599,FALSE,FALSE,0.072689807061618
"published_baseline",2021-08-01,"gha",-1.7966760251609,-1.71898370295774,0.0776923222031645,0.0776923222031645,0.00603609692932032,0.0628077243118887,TRUE,TRUE,4.32080869866652
"published_baseline",2021-08-01,"exp",4.8249,4.95944128119521,0.134541281195208,0.134541281195208,0.018101356345648,0.0879895921790968,FALSE,TRUE,1.24041120436097
"published_baseline",2021-08-01,"selic",2.72288670304173,2.61996006730573,-0.102926635735998,0.102926635735998,0.0105938923439308,0.0863031823308488,FALSE,FALSE,4.28014378136769
"published_baseline",2021-09-01,"igi",0.443110450996762,0.461843327722885,0.018732876726123,0.018732876726123,0.000350920670436121,0.0115305401306637,FALSE,TRUE,0.188567331614857
"published_baseline",2021-09-01,"ci",0.901544615384615,0.932407307317762,0.0308626919331472,0.0308626919331472,0.000952505753360347,0.028564060580259,FALSE,FALSE,0.072689807061618
"published_baseline",2021-09-01,"gha",-1.75179839948971,-1.76232033919309,-0.0105219397033758,0.0105219397033758,0.000110711215121476,0.0483517136797992,TRUE,TRUE,4.32080869866652
"published_baseline",2021-09-01,"exp",5.3499,4.8219139082353,-0.527986091764697,0.527986091764697,0.278769313096959,0.478061262834898,FALSE,FALSE,1.24041120436097
"published_baseline",2021-09-01,"selic",3.01005132241923,2.99273861774053,-0.0173127046786963,0.0173127046786963,0.000299729743291752,0.0103541761915962,TRUE,TRUE,4.28014378136769
"published_baseline",2021-10-01,"igi",0.500868201892054,0.48519434278967,-0.0156738591023836,0.0156738591023836,0.000245669859161372,0.00931095659860423,TRUE,TRUE,0.188567331614857
"published_baseline",2021-10-01,"ci",0.891993846153846,0.894658518013604,0.00266467185975827,0.00266467185975827,7.10047612018761e-06,0.00166520083604837,TRUE,TRUE,0.072689807061618
"published_baseline",2021-10-01,"gha",-1.65683334429431,-1.63678038835939,0.0200529559349178,0.0200529559349178,0.000402121041727757,0.0522501380364118,TRUE,TRUE,4.32080869866652
"published_baseline",2021-10-01,"exp",5.5051,5.43367352019444,-0.0714264798055586,0.0714264798055586,0.00510174201741387,0.0428459356333684,TRUE,TRUE,1.24041120436097
"published_baseline",2021-10-01,"selic",3.34944146755098,3.28357532574708,-0.0658661418039035,0.0658661418039035,0.00433834863613192,0.0503162243568456,FALSE,FALSE,4.28014378136769
"published_baseline",2021-11-01,"igi",0.3862200699166,0.518101446420908,0.131881376504308,0.131881376504308,0.0173926974686711,0.122900010889159,FALSE,FALSE,0.188567331614857
"published_baseline",2021-11-01,"ci",0.868270769230769,0.88985494437513,0.0215841751443615,0.0215841751443615,0.000465876616662473,0.0192943518935144,FALSE,FALSE,0.072689807061618
"published_baseline",2021-11-01,"gha",-1.55870278725907,-1.61620389756655,-0.0575011103074765,0.0575011103074765,0.00330637768659258,0.0555967636518025,TRUE,TRUE,4.32080869866652
"published_baseline",2021-11-01,"exp",5.8906,5.51525286480955,-0.375347135190451,0.375347135190451,0.140885471895679,0.325276528720853,FALSE,FALSE,1.24041120436097
"published_baseline",2021-11-01,"selic",3.80349792532155,3.68394594930971,-0.119551976011838,0.119551976011838,0.0142926749683352,0.105509552849879,FALSE,FALSE,4.28014378136769
"published_baseline",2021-12-01,"igi",0.414873421116103,0.429706323741234,0.0148329026251305,0.0148329026251305,0.000220015000286604,0.00890973484023318,TRUE,TRUE,0.188567331614857
"published_baseline",2021-12-01,"ci",0.908769230769231,0.865234920607307,-0.0435343101619236,0.0435343101619236,0.00189523616127456,0.0408030864410269,FALSE,FALSE,0.072689807061618
"published_baseline",2021-12-01,"gha",-1.46373773206367,-1.40364813928003,0.0600895927836425,0.0600895927836425,0.00361075916090398,0.058168414672015,TRUE,TRUE,4.32080869866652
"published_baseline",2021-12-01,"exp",5.2325,5.90228888251365,0.66978888251365,0.66978888251365,0.448617147138884,0.614655234329018,FALSE,FALSE,1.24041120436097
"published_baseline",2021-12-01,"selic",4.43568775893224,4.23930066608756,-0.196387092844681,0.196387092844681,0.0385678902359853,0.179582918960592,FALSE,FALSE,4.28014378136769
"published_baseline",2022-01-01,"igi",0.487096882890473,0.405139498509097,-0.081957384381376,0.081957384381376,0.00671701285463661,0.0696463434548032,FALSE,FALSE,0.188567331614857
"published_baseline",2022-01-01,"ci",0.884963636363636,0.916335750907175,0.0313721145435392,0.0313721145435392,0.000984209570932942,0.0284368400157812,FALSE,FALSE,0.072689807061618
"published_baseline",2022-01-01,"gha",-0.373564815680839,-1.43752143970927,-1.06395662402843,1.06395662402843,1.13200369781397,0.937929466668742,FALSE,FALSE,4.32080869866652
"published_baseline",2022-01-01,"exp",5.3981,5.06898697180378,-0.329113028196224,0.329113028196224,0.108315385328488,0.271781850948594,FALSE,FALSE,1.24041120436097
"published_baseline",2022-01-01,"selic",5.04050751829499,5.03064614781621,-0.00986137047877911,0.00986137047877911,9.72466277197361e-05,0.00912090366301474,TRUE,TRUE,4.28014378136769
"published_baseline",2022-02-01,"igi",0.510730827213576,0.512787781123074,0.00205695390949767,0.00205695390949767,4.23105938579776e-06,0.00499889291480049,TRUE,TRUE,0.188567331614857
"published_baseline",2022-02-01,"ci",0.881327272727273,0.88271819155425,0.00139091882697739,0.00139091882697739,1.93465518324017e-06,0.00135703341834437,TRUE,TRUE,0.072689807061618
"published_baseline",2022-02-01,"gha",0.716608100701991,0.309867557950784,-0.406740542751207,0.406740542751207,0.165437869117547,0.287088218753569,FALSE,FALSE,4.32080869866652
"published_baseline",2022-02-01,"exp",5.4581,5.39974611588477,-0.0583538841152329,0.0583538841152329,0.00340517579133403,0.0366123452326393,TRUE,TRUE,1.24041120436097
"published_baseline",2022-02-01,"selic",5.70140355081796,5.59803492539006,-0.103368625427901,0.103368625427901,0.0106850727228537,0.0854938655108413,FALSE,FALSE,4.28014378136769
"published_baseline",2022-03-01,"igi",0.430701909770818,0.518818414987961,0.0881165052171433,0.0881165052171433,0.00776451849168285,0.0767588230321779,FALSE,FALSE,0.188567331614857
"published_baseline",2022-03-01,"ci",0.832193939393939,0.882471592812914,0.0502776534189748,0.0502776534189748,0.00252784243331855,0.0475152261842039,FALSE,FALSE,0.072689807061618
"published_baseline",2022-03-01,"gha",1.70128041227358,1.34022178231421,-0.361058629959375,0.361058629959375,0.130363334268141,0.2442361642548,FALSE,TRUE,4.32080869866652
"published_baseline",2022-03-01,"exp",6.2688,5.39894331788196,-0.869856682118036,0.869856682118036,0.756650647425398,0.813985638527832,FALSE,FALSE,1.24041120436097
"published_baseline",2022-03-01,"selic",6.47148363656744,6.32158723033399,-0.149896406233445,0.149896406233445,0.022468932601702,0.132072980947808,FALSE,FALSE,4.28014378136769
"published_baseline",2022-04-01,"igi",0.404327274470482,0.480564760062114,0.0762374855916322,0.0762374855916322,0.00581215420933432,0.060572595461242,FALSE,FALSE,0.188567331614857
"published_baseline",2022-04-01,"ci",0.848048484848485,0.827140054243846,-0.020908430604639,0.020908430604639,0.000437162470349004,0.0172498349088151,FALSE,FALSE,0.072689807061618
"published_baseline",2022-04-01,"gha",5.1829028141662,2.36132445274085,-2.82157836142535,2.82157836142535,7.96130444966374,2.68318454465347,FALSE,FALSE,4.32080869866652
"published_baseline",2022-04-01,"exp",6.0072,6.31244155737797,0.305241557377974,0.305241557377974,0.0931724083505308,0.236868668747874,FALSE,FALSE,1.24041120436097
"published_baseline",2022-04-01,"selic",7.13022348143995,7.19531859580797,0.0650951143680203,0.0650951143680203,0.00423737391458564,0.0441151743619542,FALSE,FALSE,4.28014378136769
"published_baseline",2022-05-01,"igi",0.384757000306539,0.379414744294259,-0.00534225601227972,0.00534225601227972,2.85396993007388e-05,0.00844649541145817,TRUE,TRUE,0.188567331614857
"published_baseline",2022-05-01,"ci",0.83689696969697,0.852181137526941,0.0152841678299714,0.0152841678299714,0.000233605786254734,0.0110258757158867,FALSE,FALSE,0.072689807061618
"published_baseline",2022-05-01,"gha",8.55221481599778,7.41290007230886,-1.13931474368892,1.13931474368892,1.29803808518696,0.961577205731874,FALSE,FALSE,4.32080869866652
"published_baseline",2022-05-01,"exp",6.1912,5.90786724705503,-0.283332752944975,0.283332752944975,0.080277448891378,0.206107468033432,FALSE,FALSE,1.24041120436097
"published_baseline",2022-05-01,"selic",0.730467938213913,7.78942287191391,7.0589549337,7.0589549337,49.8288447560075,7.03027272898928,FALSE,FALSE,4.28014378136769
"published_baseline",2022-06-01,"igi",0.403715921101033,0.207407484846104,-0.196308436254929,0.196308436254929,0.0385370021448556,0.128061677115129,FALSE,TRUE,0.188567331614857
"published_baseline",2022-06-01,"ci",1,0.836361782472186,-0.163638217527814,0.163638217527814,0.0267774662356801,0.147881794632004,FALSE,FALSE,0.072689807061618
"published_baseline",2022-06-01,"gha",12.0338372178904,8.93892287518361,-3.09491434270679,3.09491434270679,9.57849478869218,2.6191810139269,FALSE,FALSE,4.32080869866652
"published_baseline",2022-06-01,"exp",3.6974,6.5403876437193,2.8429876437193,2.8429876437193,8.08257874234061,2.58188390126039,FALSE,FALSE,1.24041120436097
"published_baseline",2022-06-01,"selic",0.828530953234968,-3.66890645712294,-4.49743741035791,4.49743741035791,20.2269432600869,4.04148219301781,FALSE,FALSE,4.28014378136769
"mn_random_walk",2019-07-01,"igi",0.336518716202664,0.309868818508465,-0.0266498976941986,0.0266498976941986,0.000710217047111253,0.0181316766639227,FALSE,TRUE,0.188567331614857
"mn_random_walk",2019-07-01,"ci",1,0.997794497901623,-0.00220550209837667,0.00220550209837667,4.86423950594388e-06,0.00143967120302161,TRUE,TRUE,0.072689807061618
"mn_random_walk",2019-07-01,"gha",-0.233134769467566,-0.0570314731268229,0.176103296340743,0.176103296340743,0.0310123709820756,0.112537345035951,FALSE,TRUE,4.32080869866652
"mn_random_walk",2019-07-01,"exp",3.65,3.5680427870199,-0.0819572129801038,0.0819572129801038,0.0067169847594661,0.0491001624322693,TRUE,TRUE,1.24041120436097
"mn_random_walk",2019-07-01,"selic",6.33684441173752,6.23793807364579,-0.0989063380917328,0.0989063380917328,0.00978246371471615,0.0816118360424412,FALSE,FALSE,4.28014378136769
"mn_random_walk",2019-08-01,"igi",0.297825361058368,0.343453339716022,0.0456279786576536,0.0456279786576536,0.00208191243638329,0.036864333492006,FALSE,FALSE,0.188567331614857
"mn_random_walk",2019-08-01,"ci",1,0.994617659207065,-0.00538234079293476,0.00538234079293476,2.89695924112896e-05,0.00342723026628701,FALSE,TRUE,0.072689807061618
"mn_random_walk",2019-08-01,"gha",-0.384946636272569,-0.283902589690594,0.101044046581975,0.101044046581975,0.0102098993496603,0.0605084363105412,TRUE,TRUE,4.32080869866652
"mn_random_walk",2019-08-01,"exp",3.49,3.75265937715218,0.262659377152183,0.262659377152183,0.068989948405973,0.215710274858742,FALSE,FALSE,1.24041120436097
"mn_random_walk",2019-08-01,"selic",6.26283049994651,6.32635657493874,0.0635260749922288,0.0635260749922288,0.00403556220391828,0.0475404606634208,FALSE,FALSE,4.28014378136769
"mn_random_walk",2019-09-01,"igi",0.34572392334498,0.296234148145365,-0.0494897751996148,0.0494897751996148,0.00244923784930841,0.0407499944740016,FALSE,FALSE,0.188567331614857
"mn_random_walk",2019-09-01,"ci",1,0.998503042753732,-0.00149695724626797,0.00149695724626797,2.24088099715419e-06,0.00119779599091274,TRUE,TRUE,0.072689807061618
"mn_random_walk",2019-09-01,"gha",-0.536758503077572,-0.41534161114849,0.121416891929082,0.121416891929082,0.0147420616457185,0.0724899934369356,TRUE,TRUE,4.32080869866652
"mn_random_walk",2019-09-01,"exp",3.34,3.54735991192458,0.207359911924579,0.207359911924579,0.0429981330733693,0.160329611704163,FALSE,FALSE,1.24041120436097
"mn_random_walk",2019-09-01,"selic",6.25225392679034,6.18358308946169,-0.0686708373286464,0.0686708373286464,0.00471568389941742,0.0525450377999936,FALSE,FALSE,4.28014378136769
"mn_random_walk",2019-10-01,"igi",0.760918870404394,0.338440931287179,-0.422477939117215,0.422477939117215,0.178487609040729,0.41288793609392,FALSE,FALSE,0.188567331614857
"mn_random_walk",2019-10-01,"ci",1,0.998564044459464,-0.00143595554053599,0.00143595554053599,2.06196831439602e-06,0.00118133725495993,TRUE,TRUE,0.072689807061618
"mn_random_walk",2019-10-01,"gha",-0.451727754964882,-0.585510218976216,-0.133782464011334,0.133782464011334,0.0178977476769438,0.0802490185536404,TRUE,TRUE,4.32080869866652
"mn_random_walk",2019-10-01,"exp",3.37,3.38550756685348,0.0155075668534765,0.0155075668534765,0.000240484629715044,0.020932825906047,TRUE,TRUE,1.24041120436097
"mn_random_walk",2019-10-01,"selic",6.18884498273218,6.2137220711207,0.0248770883885232,0.0248770883885232,0.000618869526690396,0.0149014734214734,TRUE,TRUE,4.28014378136769
"mn_random_walk",2019-11-01,"igi",1,0.702074098632308,-0.297925901367692,0.297925901367692,0.0887598427057516,0.279307681737449,FALSE,FALSE,0.188567331614857
"mn_random_walk",2019-11-01,"ci",1,0.994369910950386,-0.00563008904961426,0.00563008904961426,3.16979027065864e-05,0.00332604406183086,TRUE,TRUE,0.072689807061618
"mn_random_walk",2019-11-01,"gha",-0.363862648581769,-0.644604241567278,-0.280741592985509,0.280741592985509,0.078815842032041,0.186487988874215,FALSE,TRUE,4.32080869866652
"mn_random_walk",2019-11-01,"exp",3.81,3.47770289205392,-0.332297107946083,0.332297107946083,0.110421367949331,0.261522381345351,FALSE,FALSE,1.24041120436097
"mn_random_walk",2019-11-01,"selic",6.07260682024735,6.11220688586801,0.0396000656206557,0.0396000656206557,0.00156816519716023,0.0237075209553588,TRUE,TRUE,4.28014378136769
"mn_random_walk",2019-12-01,"igi",0.981329524820544,0.960718011487646,-0.0206115133328983,0.0206115133328983,0.000424834481872246,0.0128324601543126,TRUE,TRUE,0.188567331614857
"mn_random_walk",2019-12-01,"ci",1,0.992249038423526,-0.00775096157647404,0.00775096157647404,6.00774053599769e-05,0.00473840551675742,FALSE,TRUE,0.072689807061618
"mn_random_walk",2019-12-01,"gha",-0.278831900469079,-0.802324572090536,-0.523492671621457,0.523492671621457,0.274044577241371,0.417658291229882,FALSE,FALSE,4.32080869866652
"mn_random_walk",2019-12-01,"exp",4.1,4.03012229188031,-0.0698777081196864,0.0698777081196864,0.00488289409206009,0.045556607415163,TRUE,TRUE,1.24041120436097
"mn_random_walk",2019-12-01,"selic",5.9459403577294,6.00292742893011,0.056987071200707,0.056987071200707,0.00324752628403445,0.0346416093676705,FALSE,TRUE,4.28014378136769
"mn_random_walk",2020-01-01,"igi",0.718596176759615,0.929559729630924,0.210963552871309,0.210963552871309,0.0445056206400855,0.192033250873369,FALSE,FALSE,0.188567331614857
"mn_random_walk",2020-01-01,"ci",1,0.993786093668583,-0.00621390633141672,0.00621390633141672,3.86126318956208e-05,0.00372308462865436,TRUE,TRUE,0.072689807061618
"mn_random_walk",2020-01-01,"gha",-1.14220082511388,-0.732518658893176,0.409682166220704,0.409682166220704,0.167839477319289,0.304936754669385,FALSE,FALSE,4.32080869866652
"mn_random_walk",2020-01-01,"exp",3.44,4.29818303334154,0.858183033341542,0.858183033341542,0.73647811871529,0.790971690697881,FALSE,FALSE,1.24041120436097
"mn_random_walk",2020-01-01,"selic",5.77733730961685,5.91534433327914,0.13800702366229,0.13800702366229,0.0190459385801238,0.109761188738539,FALSE,FALSE,4.28014378136769
"mn_random_walk",2020-02-01,"igi",0.696348024674756,0.636719304413563,-0.0596287202611933,0.0596287202611933,0.00355558427998764,0.0406734838290169,FALSE,TRUE,0.188567331614857
"mn_random_walk",2020-02-01,"ci",1,1.00587117056954,0.00587117056953868,0.00587117056953868,3.44706438566171e-05,0.00345367922471517,TRUE,TRUE,0.072689807061618
"mn_random_walk",2020-02-01,"gha",-2.00556974975868,-2.12668696116339,-0.121117211404713,0.121117211404713,0.0146693788984539,0.07441585322884,TRUE,TRUE,4.32080869866652
"mn_random_walk",2020-02-01,"exp",3.46,3.37441452273755,-0.0855854772624509,0.0855854772624509,0.0073248739182415,0.0522416286195102,TRUE,TRUE,1.24041120436097
"mn_random_walk",2020-02-01,"selic",5.56681419824334,5.73307222426132,0.166258026017975,0.166258026017975,0.0276417312153938,0.135404409161653,FALSE,FALSE,4.28014378136769
"mn_random_walk",2020-03-01,"igi",0.744792120162424,0.667363149908017,-0.0774289702544066,0.0774289702544066,0.00599524543465779,0.0646484515403433,FALSE,FALSE,0.188567331614857
"mn_random_walk",2020-03-01,"ci",1,1.00009021519947,9.02151994710554e-05,9.02151994710554e-05,8.13878221560231e-09,0.0011633874137969,TRUE,TRUE,0.072689807061618
"mn_random_walk",2020-03-01,"gha",-2.81323745345866,-2.82015484722072,-0.00691739376206435,0.00691739376206435,4.78503364594468e-05,0.035100180803786,TRUE,TRUE,4.32080869866652
"mn_random_walk",2020-03-01,"exp",3.13,3.51823441486537,0.388234414865371,0.388234414865371,0.150725960885857,0.333980652297393,FALSE,FALSE,1.24041120436097
"mn_random_walk",2020-03-01,"selic",5.43021933563987,5.39253136877154,-0.0376879668683285,0.0376879668683285,0.00142038284666823,0.0227975960954675,FALSE,TRUE,4.28014378136769
"mn_random_walk",2020-04-01,"igi",0.614336108827054,0.713330261721445,0.0989941528943911,0.0989941528943911,0.00979984230727807,0.0855222008456954,FALSE,FALSE,0.188567331614857
"mn_random_walk",2020-04-01,"ci",1,1.00313697022841,0.00313697022840564,0.00313697022840564,9.84058221390336e-06,0.0019482704098648,TRUE,TRUE,0.072689807061618
"mn_random_walk",2020-04-01,"gha",-5.70238718279039,-3.55904250729088,2.14334467549951,2.14334467549951,4.59392639799208,2.05439897662694,FALSE,FALSE,4.32080869866652
"mn_random_walk",2020-04-01,"exp",2.5,3.12772253007626,0.627722530076257,0.627722530076257,0.394035574765337,0.568955669092003,FALSE,FALSE,1.24041120436097
"mn_random_walk",2020-04-01,"selic",5.17849577176646,5.3183865039134,0.139890732146936,0.139890732146936,0.0195694169406059,0.118346446023671,FALSE,FALSE,4.28014378136769
"mn_random_walk",2020-05-01,"igi",0.697980641983104,0.588997685121042,-0.108982956862062,0.108982956862062,0.0118772848863981,0.0853436053662475,FALSE,FALSE,0.188567331614857
"mn_random_walk",2020-05-01,"ci",1,1.01174378443615,0.0117437844361472,0.0117437844361472,0.000137916472882693,0.00751479682462043,FALSE,TRUE,0.072689807061618
"mn_random_walk",2020-05-01,"gha",-8.49833853375657,-7.92281888965976,0.57551964409681,0.57551964409681,0.331222860741318,0.443552300324473,FALSE,FALSE,4.32080869866652
"mn_random_walk",2020-05-01,"exp",2.67,2.33483075405771,-0.335169245942289,0.335169245942289,0.112338423425523,0.2503187721964,FALSE,FALSE,1.24041120436097
"mn_random_walk",2020-05-01,"selic",4.86465502448645,4.94335019227935,0.0786951677929029,0.0786951677929029,0.00619292943395314,0.0493119275223422,FALSE,TRUE,4.28014378136769
"mn_random_walk",2020-06-01,"igi",0.618410053019843,0.730817262003686,0.112407208983843,0.112407208983843,0.0126353806315374,0.0899847212232973,FALSE,FALSE,0.188567331614857
"mn_random_walk",2020-06-01,"ci",1,1.00370607401059,0.00370607401058964,0.00370607401058964,1.3734984571968e-05,0.00262716762439776,TRUE,TRUE,0.072689807061618
"mn_random_walk",2020-06-01,"gha",-11.3874882630883,-10.5938476331756,0.793640629912669,0.793640629912669,0.629865449448179,0.661677331462407,FALSE,FALSE,4.32080869866652
"mn_random_walk",2020-06-01,"exp",3.22,2.68778996741305,-0.532210032586955,0.532210032586955,0.283247518786207,0.449231661989122,FALSE,FALSE,1.24041120436097
"mn_random_walk",2020-06-01,"selic",4.59328237288532,4.49547247827442,-0.0978098946108954,0.0978098946108954,0.00956677548379446,0.0661499393236222,FALSE,TRUE,4.28014378136769
"mn_random_walk",2020-07-01,"igi",0.644312255357632,0.655342023028323,0.0110297676706911,0.0110297676706911,0.000121655774869422,0.0104619532046502,TRUE,TRUE,0.188567331614857
"mn_random_walk",2020-07-01,"ci",1,0.997934413598134,-0.00206558640186572,0.00206558640186572,4.26664718357255e-06,0.0019997517853231,TRUE,TRUE,0.072689807061618
"mn_random_walk",2020-07-01,"gha",-9.3855916068707,-13.4910872605231,-4.10549565365244,4.10549565365244,16.8550945621591,3.97759638116294,FALSE,FALSE,4.32080869866652
"mn_random_walk",2020-07-01,"exp",3.2,3.35997963184682,0.159979631846825,0.159979631846825,0.0255934826058455,0.0977604866414512,FALSE,TRUE,1.24041120436097
"mn_random_walk",2020-07-01,"selic",4.19808055025734,4.27336832947989,0.0752877792225499,0.0752877792225499,0.00566824970026342,0.0483162762273258,FALSE,TRUE,4.28014378136769
"mn_random_walk",2020-08-01,"igi",0.50902807123662,0.671265684041539,0.162237612804919,0.162237612804919,0.0263210430086387,0.143132168438202,FALSE,FALSE,0.188567331614857
"mn_random_walk",2020-08-01,"ci",1,0.997752011203193,-0.0022479887968071,0.0022479887968071,5.05345363057023e-06,0.00186395602015386,TRUE,TRUE,0.072689807061618
"mn_random_walk",2020-08-01,"gha",-7.31696506211252,-7.87908895958497,-0.562123897472449,0.562123897472449,0.315983276109616,0.413846238651504,FALSE,FALSE,4.32080869866652
"mn_random_walk",2020-08-01,"exp",3.14,3.25935470759041,0.119354707590413,0.119354707590413,0.014245546223993,0.072206452012619,TRUE,TRUE,1.24041120436097
"mn_random_walk",2020-08-01,"selic",3.84556963098286,3.79290825349053,-0.0526613774923326,0.0526613774923326,0.00277322067938995,0.0323253394249388,FALSE,TRUE,4.28014378136769
"mn_random_walk",2020-09-01,"igi",0.460566696696968,0.523602986873706,0.0630362901767377,0.0630362901767377,0.00397357387924588,0.0458558734471571,FALSE,FALSE,0.188567331614857
"mn_random_walk",2020-09-01,"ci",1,0.999113271672239,-0.000886728327761155,0.000886728327761155,7.86287127254094e-07,0.00156890949297684,TRUE,TRUE,0.072689807061618
"mn_random_walk",2020-09-01,"gha",-5.24833851735433,-5.6998580992059,-0.451519581851565,0.451519581851565,0.203869932795412,0.307680397181118,FALSE,FALSE,4.32080869866652
"mn_random_walk",2020-09-01,"exp",3.37,3.16571579095586,-0.204284209044142,0.204284209044142,0.0417320380647907,0.141190345739153,FALSE,FALSE,1.24041120436097
"mn_random_walk",2020-09-01,"selic",3.53545942901896,3.4944567900528,-0.0410026389661562,0.0410026389661562,0.00168121640218895,0.0245041002988499,TRUE,TRUE,4.28014378136769
"mn_random_walk",2020-10-01,"igi",0.508204531969605,0.478890430679132,-0.029314101290473,0.029314101290473,0.000859316534468108,0.0181196247461125,FALSE,TRUE,0.188567331614857
"mn_random_walk",2020-10-01,"ci",1,0.995726427378483,-0.00427357262151673,0.00427357262151673,1.82634229513774e-05,0.00258771820967704,TRUE,TRUE,0.072689807061618
"mn_random_walk",2020-10-01,"gha",-3.97737747075211,-3.56320906878347,0.414168401968643,0.414168401968643,0.171535465189259,0.281879917287985,FALSE,FALSE,4.32080869866652
"mn_random_walk",2020-10-01,"exp",3.92,3.46734166502646,-0.452658334973536,0.452658334973536,0.204899568221014,0.389987515355268,FALSE,FALSE,1.24041120436097
"mn_random_walk",2020-10-01,"selic",3.20572866650617,3.22382427174881,0.018095605242642,0.018095605242642,0.000327450929097532,0.0132269010675384,TRUE,TRUE,4.28014378136769
"mn_random_walk",2020-11-01,"igi",0.479623500786908,0.523723457371717,0.0440999565848091,0.0440999565848091,0.00194480617078205,0.0318052090974591,FALSE,FALSE,0.188567331614857
"mn_random_walk",2020-11-01,"ci",0.993125,0.990038718922429,-0.00308628107757081,0.00308628107757081,9.52513088977162e-06,0.00186069768463262,TRUE,TRUE,0.072689807061618
"mn_random_walk",2020-11-01,"gha",-2.66405105592981,-2.9301237444977,-0.266072688567893,0.266072688567893,0.0707946756017471,0.163431845462914,FALSE,TRUE,4.32080869866652
"mn_random_walk",2020-11-01,"exp",4.11,4.11313538159339,0.00313538159338922,0.00313538159338922,9.83061773616392e-06,0.0227176058091078,TRUE,TRUE,1.24041120436097
"mn_random_walk",2020-11-01,"selic",2.96925409394893,2.90074153202751,-0.0685125619214149,0.0685125619214149,0.00469397114103571,0.0494750585359815,FALSE,FALSE,4.28014378136769
"mn_random_walk",2020-12-01,"igi",0.402116942835389,0.47946072245167,0.0773437796162814,0.0773437796162814,0.0059820602453319,0.0661822345060586,FALSE,FALSE,0.188567331614857
"mn_random_walk",2020-12-01,"ci",0.99375,0.984414496933479,-0.00933550306652142,0.00933550306652142,8.71516175050309e-05,0.00698204656926595,FALSE,FALSE,0.072689807061618
"mn_random_walk",2020-12-01,"gha",-1.39309000932759,-1.74257362642486,-0.349483617097268,0.349483617097268,0.12213879861939,0.233834106142636,FALSE,TRUE,4.32080869866652
"mn_random_walk",2020-12-01,"exp",4.1,4.24207682814542,0.142076828145417,0.142076828145417,0.0201858250958625,0.0945977844555243,FALSE,FALSE,1.24041120436097
"mn_random_walk",2020-12-01,"selic",2.75381578210545,2.78844657770835,0.0346307956029013,0.0346307956029013,0.00119929200408993,0.020912570932621,FALSE,TRUE,4.28014378136769
"mn_random_walk",2021-01-01,"igi",0.471310372606226,0.396867319357399,-0.0744430532488271,0.0744430532488271,0.00554176817700771,0.0629996070371427,FALSE,FALSE,0.188567331614857
"mn_random_walk",2021-01-01,"ci",1,0.986864993659497,-0.0131350063405032,0.0131350063405032,0.00017252839156506,0.0106612177731535,FALSE,FALSE,0.072689807061618
"mn_random_walk",2021-01-01,"gha",-1.2171126928148,-0.529216785019569,0.687895907795231,0.687895907795231,0.473200779961425,0.554942349122603,FALSE,FALSE,4.32080869866652
"mn_random_walk",2021-01-01,"exp",3.57,4.19195446255533,0.621954462555328,0.621954462555328,0.386827353492487,0.569366173756688,FALSE,FALSE,1.24041120436097
"mn_random_walk",2021-01-01,"selic",2.51837667441583,2.60668717988912,0.0883105054732876,0.0883105054732876,0.00779874537694755,0.0711347733415503,FALSE,FALSE,4.28014378136769
"mn_random_walk",2021-02-01,"igi",0.336702550886205,0.44880655649764,0.112104005611435,0.112104005611435,0.0125673080741287,0.100585082088416,FALSE,FALSE,0.188567331614857
"mn_random_walk",2021-02-01,"ci",0.985230769230769,0.99730720239499,0.0120764331642207,0.0120764331642207,0.000145840237969889,0.00952637411091416,FALSE,FALSE,0.072689807061618
"mn_random_walk",2021-02-01,"gha",-1.041135376302,-1.28281862342016,-0.241683247118157,0.241683247118157,0.0584107919375762,0.146040964483337,FALSE,TRUE,4.32080869866652
"mn_random_walk",2021-02-01,"exp",3.99,3.59907488016288,-0.390925119837117,0.390925119837117,0.152822449319665,0.337474453638432,FALSE,FALSE,1.24041120436097
"mn_random_walk",2021-02-01,"selic",2.35482158150622,2.36040662776668,0.0055850462604603,0.0055850462604603,3.11927417314816e-05,0.00789822047752336,TRUE,TRUE,4.28014378136769
"mn_random_walk",2021-03-01,"igi",0.437750125055564,0.367494389758572,-0.0702557352969925,0.0702557352969925,0.00493586834212107,0.0594700244225407,FALSE,FALSE,0.188567331614857
"mn_random_walk",2021-03-01,"ci",0.953846153846154,0.978207037150766,0.0243608833046116,0.0243608833046116,0.000593452635380905,0.0218809436728031,FALSE,FALSE,0.072689807061618
"mn_random_walk",2021-03-01,"gha",-0.882188122677541,-0.779336029100451,0.10285209357709,0.10285209357709,0.0105785531531906,0.0710940550688162,TRUE,TRUE,4.32080869866652
"mn_random_walk",2021-03-01,"exp",4.5,4.11691005638989,-0.383089943610115,0.383089943610115,0.146757904895201,0.330243979197726,FALSE,FALSE,1.24041120436097
"mn_random_walk",2021-03-01,"selic",2.21201038934546,2.21885279359521,0.00684240424974547,0.00684240424974547,4.68184959169349e-05,0.00781962958002404,TRUE,TRUE,4.28014378136769
"mn_random_walk",2021-04-01,"igi",0.552744968025469,0.468028632402094,-0.0847163356233752,0.0847163356233752,0.00717685752145234,0.0742893644370708,FALSE,FALSE,0.188567331614857
"mn_random_walk",2021-04-01,"ci",0.978461538461538,0.945127754880526,-0.0333337835810117,0.0333337835810117,0.00111114112782572,0.0309594469213847,FALSE,FALSE,0.072689807061618
"mn_random_walk",2021-04-01,"gha",-1.22008660249197,-0.710345904303588,0.509740698188382,0.509740698188382,0.259835579389579,0.382568640975609,FALSE,FALSE,4.32080869866652
"mn_random_walk",2021-04-01,"exp",4.1,4.67174063931004,0.571740639310044,0.571740639310044,0.326887358638658,0.519687260004289,FALSE,FALSE,1.24041120436097
"mn_random_walk",2021-04-01,"selic",2.14066175824001,2.10315982643632,-0.03750193180369,0.03750193180369,0.00140639488900861,0.0238102158131679,FALSE,TRUE,4.28014378136769
"mn_random_walk",2021-05-01,"igi",0.544447961309629,0.523110805888502,-0.0213371554211271,0.0213371554211271,0.000455274201465335,0.0129846596362789,FALSE,TRUE,0.188567331614857
"mn_random_walk",2021-05-01,"ci",0.956923076923077,0.976992513038569,0.0200694361154919,0.0200694361154919,0.000402782265993812,0.0175047573774385,FALSE,FALSE,0.072689807061618
"mn_random_walk",2021-05-01,"gha",-1.54708513134464,-1.65874852441727,-0.11166339307263,0.11166339307263,0.0124687133524926,0.0743373995056422,TRUE,TRUE,4.32080869866652
"mn_random_walk",2021-05-01,"exp",4.45,4.10326129807041,-0.346738701929589,0.346738701929589,0.120227727415817,0.292071726519828,FALSE,FALSE,1.24041120436097
"mn_random_walk",2021-05-01,"selic",2.1712305915675,2.1349399884044,-0.0362906031630987,0.0362906031630987,0.00131700787794151,0.0226858769138506,FALSE,TRUE,4.28014378136769
"mn_random_walk",2021-06-01,"igi",0.542209655734563,0.559582830143412,0.0173731744088486,0.0173731744088486,0.00030182718904027,0.0105359140945534,FALSE,TRUE,0.188567331614857
"mn_random_walk",2021-06-01,"ci",0.955489230769231,0.950515476715885,-0.00497375405334566,0.00497375405334566,2.47382293831724e-05,0.00310559530243443,FALSE,TRUE,0.072689807061618
"mn_random_walk",2021-06-01,"gha",-1.88498361115906,-1.83416820468984,0.0508154064692243,0.0508154064692243,0.00258220553463249,0.0601462888783718,TRUE,TRUE,4.32080869866652
"mn_random_walk",2021-06-01,"exp",4.4733,4.5455580199762,0.0722580199762008,0.0722580199762008,0.00522122145088104,0.0431206897870428,TRUE,TRUE,1.24041120436097
"mn_random_walk",2021-06-01,"selic",2.27318771220573,2.22357566160742,-0.0496120505983106,0.0496120505983106,0.00246135556456934,0.0352634500494191,FALSE,FALSE,4.28014378136769
"mn_random_walk",2021-07-01,"igi",0.402314200210209,0.543757815630572,0.141443615420363,0.141443615420363,0.0200062963431836,0.132766109427901,FALSE,FALSE,0.188567331614857
"mn_random_walk",2021-07-01,"ci",0.930024615384615,0.952048783928679,0.0220241685440643,0.0220241685440643,0.000485064000057352,0.019897036756906,FALSE,FALSE,0.072689807061618
"mn_random_walk",2021-07-01,"gha",-1.8415536508321,-2.20888648157581,-0.36733283074371,0.36733283074371,0.134933408542187,0.251788498090435,FALSE,TRUE,4.32080869866652
"mn_random_walk",2021-07-01,"exp",4.8871,4.50447220839512,-0.382627791604881,0.382627791604881,0.146404026908428,0.333913875835488,FALSE,FALSE,1.24041120436097
"mn_random_walk",2021-07-01,"selic",2.44672241538046,2.39845694090675,-0.0482654744737054,0.0482654744737054,0.00232955602617191,0.0345084237874537,FALSE,FALSE,4.28014378136769
"mn_random_walk",2021-08-01,"igi",0.449918725727574,0.443212583220552,-0.00670614250702206,0.00670614250702206,4.49723473244881e-05,0.00544255971322525,TRUE,TRUE,0.188567331614857
"mn_random_walk",2021-08-01,"ci",0.933852307692308,0.925720591437559,-0.00813171625474862,0.00813171625474862,6.6124809247743e-05,0.00573731874327725,FALSE,FALSE,0.072689807061618
"mn_random_walk",2021-08-01,"gha",-1.7966760251609,-1.71242915585118,0.0842468693097165,0.0842468693097165,0.00709753498848845,0.064671447937946,TRUE,TRUE,4.32080869866652
"mn_random_walk",2021-08-01,"exp",4.8249,4.94925607277361,0.124356072773613,0.124356072773613,0.015464432835676,0.0799245376970227,FALSE,TRUE,1.24041120436097
"mn_random_walk",2021-08-01,"selic",2.72288670304173,2.61589515582347,-0.106991547218257,0.106991547218257,0.0114471911761566,0.0895502729320068,FALSE,FALSE,4.28014378136769
"mn_random_walk",2021-09-01,"igi",0.443110450996762,0.464402964074218,0.0212925130774561,0.0212925130774561,0.000453371113153637,0.0134263360254981,FALSE,TRUE,0.188567331614857
"mn_random_walk",2021-09-01,"ci",0.901544615384615,0.932060072461198,0.0305154570765828,0.0305154570765828,0.000931193120592765,0.0282654702214144,FALSE,FALSE,0.072689807061618
"mn_random_walk",2021-09-01,"gha",-1.75179839948971,-1.74401017142832,0.00778822806138879,0.00778822806138879,6.06564963362038e-05,0.0510950981126638,TRUE,TRUE,4.32080869866652
"mn_random_walk",2021-09-01,"exp",5.3499,4.83103381450715,-0.51886618549285,0.51886618549285,0.2692221184479,0.468548680719421,FALSE,FALSE,1.24041120436097
"mn_random_walk",2021-09-01,"selic",3.01005132241923,2.99148384703563,-0.0185674753835965,0.0185674753835965,0.000344751142120462,0.0110125385075348,TRUE,TRUE,4.28014378136769
"mn_random_walk",2021-10-01,"igi",0.500868201892054,0.49020208656181,-0.0106661153302444,0.0106661153302444,0.000113766016238074,0.0067511429850056,TRUE,TRUE,0.188567331614857
"mn_random_walk",2021-10-01,"ci",0.891993846153846,0.897911235260991,0.00591738910714457,0.00591738910714457,3.50154938453532e-05,0.00374319874728182,FALSE,TRUE,0.072689807061618
"mn_random_walk",2021-10-01,"gha",-1.65683334429431,-1.62405007289683,0.0327832713974796,0.0327832713974796,0.0010747428835208,0.0554948297047715,TRUE,TRUE,4.32080869866652
"mn_random_walk",2021-10-01,"exp",5.5051,5.41805643935955,-0.0870435606404518,0.0870435606404518,0.00757658144896801,0.052511688611274,TRUE,TRUE,1.24041120436097
"mn_random_walk",2021-10-01,"selic",3.34944146755098,3.27661717288253,-0.0728242946684459,0.0728242946684459,0.00530337789395663,0.0563477853340823,FALSE,FALSE,4.28014378136769
"mn_random_walk",2021-11-01,"igi",0.3862200699166,0.522527673844325,0.136307603927725,0.136307603927725,0.0185797628885175,0.126986421554405,FALSE,FALSE,0.188567331614857
"mn_random_walk",2021-11-01,"ci",0.868270769230769,0.891915865338383,0.0236450961076142,0.0236450961076142,0.000559090569938313,0.0213554393635519,FALSE,FALSE,0.072689807061618
"mn_random_walk",2021-11-01,"gha",-1.55870278725907,-1.62976288090497,-0.0710600936459029,0.0710600936459029,0.00504953690896449,0.0594158709080373,TRUE,TRUE,4.32080869866652
"mn_random_walk",2021-11-01,"exp",5.8906,5.50513946267213,-0.385460537327871,0.385460537327871,0.148579825837091,0.3352217331061,FALSE,FALSE,1.24041120436097
"mn_random_walk",2021-11-01,"selic",3.80349792532155,3.68207555800699,-0.121422367314556,0.121422367314556,0.0147433912842709,0.106705869720034,FALSE,FALSE,4.28014378136769
"mn_random_walk",2021-12-01,"igi",0.414873421116103,0.43435915176809,0.0194857306519867,0.0194857306519867,0.000379693699041773,0.0117718608264158,TRUE,TRUE,0.188567331614857
"mn_random_walk",2021-12-01,"ci",0.908769230769231,0.868912805350473,-0.0398564254187581,0.0398564254187581,0.00158853464716103,0.0371957870590676,FALSE,FALSE,0.072689807061618
"mn_random_walk",2021-12-01,"gha",-1.46373773206367,-1.40409200488354,0.059645727180127,0.059645727180127,0.00355761277084613,0.0598102170466659,TRUE,TRUE,4.32080869866652
"mn_random_walk",2021-12-01,"exp",5.2325,5.88404427703788,0.651544277037879,0.651544277037879,0.424509944940813,0.596700565227563,FALSE,FALSE,1.24041120436097
"mn_random_walk",2021-12-01,"selic",4.43568775893224,4.23155477761928,-0.204132981312958,0.204132981312958,0.0416702740597166,0.186775453732812,FALSE,FALSE,4.28014378136769
"mn_random_walk",2022-01-01,"igi",0.487096882890473,0.40845806874738,-0.0786388141430925,0.0786388141430925,0.00618406308983184,0.0655770818221293,FALSE,FALSE,0.188567331614857
"mn_random_walk",2022-01-01,"ci",0.884963636363636,0.913578945102333,0.0286153087386972,0.0286153087386972,0.000818835894210962,0.0257602873301913,FALSE,FALSE,0.072689807061618
"mn_random_walk",2022-01-01,"gha",-0.373564815680839,-1.44411449098874,-1.0705496753079,1.0705496753079,1.14607660730186,0.936314885518846,FALSE,FALSE,4.32080869866652
"mn_random_walk",2022-01-01,"exp",5.3981,5.10368577914375,-0.294414220856246,0.294414220856246,0.0866797334423903,0.236035587518478,FALSE,FALSE,1.24041120436097
"mn_random_walk",2022-01-01,"selic",5.04050751829499,5.0280546610912,-0.0124528572037867,0.0124528572037867,0.000155073652537904,0.00996257517183566,TRUE,TRUE,4.28014378136769
"mn_random_walk",2022-02-01,"igi",0.510730827213576,0.515520851823719,0.00479002461014255,0.00479002461014255,2.29443357657713e-05,0.00546272788909979,TRUE,TRUE,0.188567331614857
"mn_random_walk",2022-02-01,"ci",0.881327272727273,0.885756346063992,0.0044290733367186,0.0044290733367186,1.96166906220317e-05,0.00259768463501035,TRUE,TRUE,0.072689807061618
"mn_random_walk",2022-02-01,"gha",0.716608100701991,0.31984838585257,-0.396759714849421,0.396759714849421,0.157418271327394,0.274563174829144,FALSE,FALSE,4.32080869866652
"mn_random_walk",2022-02-01,"exp",5.4581,5.38458662135709,-0.0735133786429145,0.0735133786429145,0.00540421683949652,0.0436551509522015,TRUE,TRUE,1.24041120436097
"mn_random_walk",2022-02-01,"selic",5.70140355081796,5.58091826840441,-0.120485282413554,0.120485282413554,0.0145167032782739,0.102127934291149,FALSE,FALSE,4.28014378136769
"mn_random_walk",2022-03-01,"igi",0.430701909770818,0.52493879418419,0.0942368844133721,0.0942368844133721,0.00888059038393925,0.0822514479891941,FALSE,FALSE,0.188567331614857
"mn_random_walk",2022-03-01,"ci",0.832193939393939,0.885385855664011,0.053191916270072,0.053191916270072,0.00282937995648235,0.0503556562741276,FALSE,FALSE,0.072689807061618
"mn_random_walk",2022-03-01,"gha",1.70128041227358,1.33031380542204,-0.370966606851542,0.370966606851542,0.137616223398947,0.251872017023169,FALSE,TRUE,4.32080869866652
"mn_random_walk",2022-03-01,"exp",6.2688,5.39522193485836,-0.873578065141644,0.873578065141644,0.763138635896619,0.815931732571825,FALSE,FALSE,1.24041120436097
"mn_random_walk",2022-03-01,"selic",6.47148363656744,6.30412279157134,-0.167360844996102,0.167360844996102,0.0280096524378093,0.148973091999086,FALSE,FALSE,4.28014378136769
"mn_random_walk",2022-04-01,"igi",0.404327274470482,0.487290608635698,0.0829633341652163,0.0829633341652163,0.00688291481580935,0.0667590792545018,FALSE,FALSE,0.188567331614857
"mn_random_walk",2022-04-01,"ci",0.848048484848485,0.834428161053586,-0.0136203237948987,0.0136203237948987,0.000185513220277885,0.0100738846498676,FALSE,FALSE,0.072689807061618
"mn_random_walk",2022-04-01,"gha",5.1829028141662,2.36288577024198,-2.82001704392422,2.82001704392422,7.95249612802309,2.67525870955066,FALSE,FALSE,4.32080869866652
"mn_random_walk",2022-04-01,"exp",6.0072,6.27385318777863,0.266653187778632,0.266653187778632,0.0711039225525061,0.198539089908042,FALSE,FALSE,1.24041120436097
"mn_random_walk",2022-04-01,"selic",7.13022348143995,7.17078762355549,0.0405641421155414,0.0405641421155414,0.00164544962556984,0.0246828497244497,FALSE,TRUE,4.28014378136769
"mn_random_walk",2022-05-01,"igi",0.384757000306539,0.387303702130152,0.00254670182361288,0.00254670182361288,6.48569017839319e-06,0.00840040969428859,TRUE,TRUE,0.188567331614857
"mn_random_walk",2022-05-01,"ci",0.83689696969697,0.856559439400648,0.0196624697036776,0.0196624697036776,0.000386612714848039,0.0153731707953802,FALSE,FALSE,0.072689807061618
"mn_random_walk",2022-05-01,"gha",8.55221481599778,7.39919722030726,-1.15301759569052,1.15301759569052,1.32944957597194,0.97362153778078,FALSE,FALSE,4.32080869866652
"mn_random_walk",2022-05-01,"exp",6.1912,5.88770221045142,-0.303497789548584,0.303497789548584,0.0921109082608766,0.224507376960279,FALSE,FALSE,1.24041120436097
"mn_random_walk",2022-05-01,"selic",0.730467938213913,7.78158123531486,7.05111329710095,7.05111329710095,49.7181987285538,7.02224122997442,FALSE,FALSE,4.28014378136769
"mn_random_walk",2022-06-01,"igi",0.403715921101033,0.2698710341024,-0.133844886998633,0.133844886998633,0.0179144537756767,0.0819705510435882,FALSE,TRUE,0.188567331614857
"mn_random_walk",2022-06-01,"ci",1,0.863374822931227,-0.136625177068773,0.136625177068773,0.0186664390090737,0.120512686503315,FALSE,FALSE,0.072689807061618
"mn_random_walk",2022-06-01,"gha",12.0338372178904,9.17557255742849,-2.85826466046191,2.85826466046191,8.16967686924541,2.35872371302959,FALSE,FALSE,4.32080869866652
"mn_random_walk",2022-06-01,"exp",3.6974,6.2529390112762,2.5555390112762,2.5555390112762,6.53077963815453,2.29721768127515,FALSE,FALSE,1.24041120436097
"mn_random_walk",2022-06-01,"selic",0.828530953234968,-2.99485431045488,-3.82338526368985,3.82338526368985,14.6182748746007,3.35338503503463,FALSE,FALSE,4.28014378136769
"mn_zero_mean",2019-07-01,"igi",0.336518716202664,0.313960702468044,-0.0225580137346204,0.0225580137346204,0.000508863983651323,0.0146246978710024,FALSE,TRUE,0.188567331614857
"mn_zero_mean",2019-07-01,"ci",1,1.00082855020947,0.000828550209470702,0.000828550209470702,6.86495449613944e-07,0.00110111978364272,TRUE,TRUE,0.072689807061618
"mn_zero_mean",2019-07-01,"gha",-0.233134769467566,-0.0576904838779534,0.175444285589613,0.175444285589613,0.0307806973460495,0.109650676946463,FALSE,TRUE,4.32080869866652
"mn_zero_mean",2019-07-01,"exp",3.65,3.55926272998133,-0.0907372700186744,0.0907372700186744,0.00823325217044182,0.0552400742763212,FALSE,TRUE,1.24041120436097
"mn_zero_mean",2019-07-01,"selic",6.33684441173752,6.23619591490917,-0.100648496828349,0.100648496828349,0.0101301199138061,0.0839806018339723,FALSE,FALSE,4.28014378136769
"mn_zero_mean",2019-08-01,"igi",0.297825361058368,0.340950604328257,0.0431252432698894,0.0431252432698894,0.00185978660708714,0.0339001511442614,FALSE,FALSE,0.188567331614857
"mn_zero_mean",2019-08-01,"ci",1,0.995418849962578,-0.00458115003742199,0.00458115003742199,2.09869356653715e-05,0.00279449524583052,FALSE,TRUE,0.072689807061618
"mn_zero_mean",2019-08-01,"gha",-0.384946636272569,-0.281737586715188,0.103209049557381,0.103209049557381,0.0106521079105379,0.0616700455749572,TRUE,TRUE,4.32080869866652
"mn_zero_mean",2019-08-01,"exp",3.49,3.74154538943725,0.251545389437245,0.251545389437245,0.0632750829471351,0.20301824487821,FALSE,FALSE,1.24041120436097
"mn_zero_mean",2019-08-01,"selic",6.26283049994651,6.32581070569599,0.062980205749481,0.062980205749481,0.00396650631624697,0.0471278425383577,FALSE,FALSE,4.28014378136769
"mn_zero_mean",2019-09-01,"igi",0.34572392334498,0.29897465263849,-0.0467492707064903,0.0467492707064903,0.00218549431158871,0.0378552286445582,FALSE,FALSE,0.188567331614857
"mn_zero_mean",2019-09-01,"ci",1,1.00168150620475,0.00168150620474794,0.00168150620474794,2.82746311660582e-06,0.00126792144120457,TRUE,TRUE,0.072689807061618
"mn_zero_mean",2019-09-01,"gha",-0.536758503077572,-0.424730979988356,0.112027523089216,0.112027523089216,0.0125501659295048,0.0663345648063142,TRUE,TRUE,4.32080869866652
"mn_zero_mean",2019-09-01,"exp",3.34,3.54532592038891,0.205325920388908,0.205325920388908,0.042158733583552,0.159046337290391,FALSE,FALSE,1.24041120436097
"mn_zero_mean",2019-09-01,"selic",6.25225392679034,6.18358482462759,-0.0686691021627501,0.0686691021627501,0.00471544559183821,0.0525099171772654,FALSE,FALSE,4.28014378136769
"mn_zero_mean",2019-10-01,"igi",0.760918870404394,0.336713928989674,-0.42420494141472,0.42420494141472,0.179949832320666,0.414617572021356,FALSE,FALSE,0.188567331614857
"mn_zero_mean",2019-10-01,"ci",1,1.00168085608317,0.00168085608317226,0.00168085608317226,2.82527717233718e-06,0.00132180383707519,TRUE,TRUE,0.072689807061618
"mn_zero_mean",2019-10-01,"gha",-0.451727754964882,-0.592128419808089,-0.140400664843207,0.140400664843207,0.0197123466884145,0.0839755715033498,FALSE,TRUE,4.32080869866652
"mn_zero_mean",2019-10-01,"exp",3.37,3.38589432475608,0.0158943247560805,0.0158943247560805,0.000252629559451755,0.0212308922951383,TRUE,TRUE,1.24041120436097
"mn_zero_mean",2019-10-01,"selic",6.18884498273218,6.21216101852076,0.0233160357885787,0.0233160357885787,0.000543637524894281,0.0138323861656554,TRUE,TRUE,4.28014378136769
"mn_zero_mean",2019-11-01,"igi",1,0.684109077945328,-0.315890922054672,0.315890922054672,0.0997870746365508,0.296455069743445,FALSE,FALSE,0.188567331614857
"mn_zero_mean",2019-11-01,"ci",1,0.995786803524081,-0.00421319647591867,0.00421319647591867,1.77510245446935e-05,0.0027361038534916,TRUE,TRUE,0.072689807061618
"mn_zero_mean",2019-11-01,"gha",-0.363862648581769,-0.664200333142057,-0.300337684560288,0.300337684560288,0.0902027247670349,0.202065820391311,FALSE,TRUE,4.32080869866652
"mn_zero_mean",2019-11-01,"exp",3.81,3.47691132320625,-0.33308867679375,0.33308867679375,0.110948066608211,0.258372828971639,FALSE,FALSE,1.24041120436097
"mn_zero_mean",2019-11-01,"selic",6.07260682024735,6.10525336800128,0.0326465477539273,0.0326465477539273,0.00106579708024945,0.02027087280117,TRUE,TRUE,4.28014378136769
"mn_zero_mean",2019-12-01,"igi",0.981329524820544,0.948878126912351,-0.0324513979081927,0.0324513979081927,0.00105309322619586,0.0193621038757336,TRUE,TRUE,0.188567331614857
"mn_zero_mean",2019-12-01,"ci",1,0.990980499933408,-0.0090195000665918,0.0090195000665918,8.13513814512495e-05,0.00564301319181949,FALSE,TRUE,0.072689807061618
"mn_zero_mean",2019-12-01,"gha",-0.278831900469079,-0.82032687744531,-0.541494976976231,0.541494976976231,0.293216810090488,0.434423417411088,FALSE,FALSE,4.32080869866652
"mn_zero_mean",2019-12-01,"exp",4.1,4.01316413821115,-0.0868358617888472,0.0868358617888472,0.00754046689261177,0.0537746819018945,TRUE,TRUE,1.24041120436097
"mn_zero_mean",2019-12-01,"selic",5.9459403577294,5.99121161301423,0.0452712552848338,0.0452712552848338,0.00204948655506459,0.0271197059246425,TRUE,TRUE,4.28014378136769
"mn_zero_mean",2020-01-01,"igi",0.718596176759615,0.925047822388842,0.206451645629227,0.206451645629227,0.042622281983016,0.187055864207434,FALSE,FALSE,0.188567331614857
"mn_zero_mean",2020-01-01,"ci",1,0.992633166581481,-0.00736683341851874,0.00736683341851874,5.42702346162045e-05,0.00449574247017917,FALSE,TRUE,0.072689807061618
"mn_zero_mean",2020-01-01,"gha",-1.14220082511388,-0.729729571312899,0.412471253800981,0.412471253800981,0.170132535212153,0.311609933064416,FALSE,FALSE,4.32080869866652
"mn_zero_mean",2020-01-01,"exp",3.44,4.28909110133139,0.849091101331385,0.849091101331385,0.720955698360145,0.779732392746903,FALSE,FALSE,1.24041120436097
"mn_zero_mean",2020-01-01,"selic",5.77733730961685,5.91256188605557,0.135224576438715,0.135224576438715,0.01828568607303,0.107271547895687,FALSE,FALSE,4.28014378136769
"mn_zero_mean",2020-02-01,"igi",0.696348024674756,0.645625203075542,-0.0507228215992143,0.0507228215992143,0.00257280463098572,0.0319014195229608,FALSE,TRUE,0.188567331614857
"mn_zero_mean",2020-02-01,"ci",1,1.01145388019592,0.0114538801959203,0.0114538801959203,0.000131191371542495,0.00739122354674473,FALSE,TRUE,0.072689807061618
"mn_zero_mean",2020-02-01,"gha",-2.00556974975868,-2.13969468129702,-0.134124931538345,0.134124931538345,0.0179894972601656,0.0805304394940201,TRUE,TRUE,4.32080869866652
"mn_zero_mean",2020-02-01,"exp",3.46,3.38580733526462,-0.074192664735381,0.074192664735381,0.00550455150053665,0.0493165742308589,TRUE,TRUE,1.24041120436097
"mn_zero_mean",2020-02-01,"selic",5.56681419824334,5.7341368882377,0.167322689994364,0.167322689994364,0.0279968825869501,0.134522146240077,FALSE,FALSE,4.28014378136769
"mn_zero_mean",2020-03-01,"igi",0.744792120162424,0.667924256568677,-0.0768678635937469,0.0768678635937469,0.00590866845346687,0.0635030007128695,FALSE,FALSE,0.188567331614857
"mn_zero_mean",2020-03-01,"ci",1,1.00282629826606,0.00282629826606451,0.00282629826606451,7.98796188875925e-06,0.00183566093255496,TRUE,TRUE,0.072689807061618
"mn_zero_mean",2020-03-01,"gha",-2.81323745345866,-2.82964046723965,-0.0164030137809874,0.0164030137809874,0.000269058861099263,0.0367411611857221,TRUE,TRUE,4.32080869866652
"mn_zero_mean",2020-03-01,"exp",3.13,3.50678376476904,0.376783764769038,0.376783764769038,0.14196600539353,0.321931902365478,FALSE,FALSE,1.24041120436097
"mn_zero_mean",2020-03-01,"selic",5.43021933563987,5.38419891763589,-0.0460204180039829,0.0460204180039829,0.00211787887326132,0.0292242110365369,FALSE,TRUE,4.28014378136769
"mn_zero_mean",2020-04-01,"igi",0.614336108827054,0.71671319750692,0.102377088679866,0.102377088679866,0.0104810682865651,0.0885585912448029,FALSE,FALSE,0.188567331614857
"mn_zero_mean",2020-04-01,"ci",1,1.00700411314565,0.00700411314564708,0.00700411314564708,4.90576009570263e-05,0.00448036857045915,FALSE,TRUE,0.072689807061618
"mn_zero_mean",2020-04-01,"gha",-5.70238718279039,-3.56998854956256,2.13239863322783,2.13239863322783,4.5471239309919,2.04474899581584,FALSE,FALSE,4.32080869866652
"mn_zero_mean",2020-04-01,"exp",2.5,3.14469952248906,0.644699522489062,0.644699522489062,0.415637474297624,0.584626862341725,FALSE,FALSE,1.24041120436097
"mn_zero_mean",2020-04-01,"selic",5.17849577176646,5.31315588624508,0.134660114478617,0.134660114478617,0.0181333464313942,0.113255647748536,FALSE,FALSE,4.28014378136769
"mn_zero_mean",2020-05-01,"igi",0.697980641983104,0.601844075441552,-0.0961365665415523,0.0961365665415523,0.00924223942639832,0.0726049401778487,FALSE,FALSE,0.188567331614857
"mn_zero_mean",2020-05-01,"ci",1,1.02030323514059,0.0203032351405856,0.0203032351405856,0.000412221357173911,0.0152273169361872,FALSE,FALSE,0.072689807061618
"mn_zero_mean",2020-05-01,"gha",-8.49833853375657,-7.97545993509993,0.522878598656644,0.522878598656644,0.273402028933136,0.388908886718436,FALSE,FALSE,4.32080869866652
"mn_zero_mean",2020-05-01,"exp",2.67,2.34523427425917,-0.324765725740833,0.324765725740833,0.10547277661597,0.238483448379943,FALSE,FALSE,1.24041120436097
"mn_zero_mean",2020-05-01,"selic",4.86465502448645,4.93292633300466,0.0682713085182103,0.0682713085182103,0.00466097156678865,0.0410012652126836,FALSE,TRUE,4.28014378136769
"mn_zero_mean",2020-06-01,"igi",0.618410053019843,0.732079506280169,0.113669453260326,0.113669453260326,0.0129207446045014,0.0905015372380198,FALSE,FALSE,0.188567331614857
"mn_zero_mean",2020-06-01,"ci",1,1.00797379418755,0.00797379418755018,0.00797379418755018,6.3581393745409e-05,0.00483742341173015,TRUE,TRUE,0.072689807061618
"mn_zero_mean",2020-06-01,"gha",-11.3874882630883,-10.6323199444034,0.755168318684884,0.755168318684884,0.570279189545355,0.623112839387493,FALSE,FALSE,4.32080869866652
"mn_zero_mean",2020-06-01,"exp",3.22,2.67546151325797,-0.544538486742032,0.544538486742032,0.296522163543302,0.460686603928211,FALSE,FALSE,1.24041120436097
"mn_zero_mean",2020-06-01,"selic",4.59328237288532,4.47977177698113,-0.113510595904191,0.113510595904191,0.0128846553825245,0.0802663777822212,FALSE,FALSE,4.28014378136769
"mn_zero_mean",2020-07-01,"igi",0.644312255357632,0.656063993977238,0.0117517386196064,0.0117517386196064,0.000138103360583549,0.0112578140098748,TRUE,TRUE,0.188567331614857
"mn_zero_mean",2020-07-01,"ci",1,0.9986737404373,-0.00132625956270049,0.00132625956270049,1.7589644276545e-06,0.00202344600718649,TRUE,TRUE,0.072689807061618
"mn_zero_mean",2020-07-01,"gha",-9.3855916068707,-13.5177181555828,-4.13212654871209,4.13212654871209,17.0744698145713,4.00261584424633,FALSE,FALSE,4.32080869866652
"mn_zero_mean",2020-07-01,"exp",3.2,3.32585724492846,0.125857244928458,0.125857244928458,0.0158400461009818,0.0768836126921101,TRUE,TRUE,1.24041120436097
"mn_zero_mean",2020-07-01,"selic",4.19808055025734,4.26261222342145,0.0645316731641126,0.0645316731641126,0.00416433684135985,0.0397833083931956,FALSE,TRUE,4.28014378136769
"mn_zero_mean",2020-08-01,"igi",0.50902807123662,0.671270722730171,0.162242651493551,0.162242651493551,0.0263226779636578,0.143536105964621,FALSE,FALSE,0.188567331614857
"mn_zero_mean",2020-08-01,"ci",1,1.00002475808846,2.4758088461807e-05,2.4758088461807e-05,6.12962944282663e-10,0.00161520374801382,TRUE,TRUE,0.072689807061618
"mn_zero_mean",2020-08-01,"gha",-7.31696506211252,-7.84869653747891,-0.531731475366391,0.531731475366391,0.282738361895319,0.381869888657224,FALSE,FALSE,4.32080869866652
"mn_zero_mean",2020-08-01,"exp",3.14,3.25356683821125,0.113566838211253,0.113566838211253,0.012897426741301,0.0676749908114995,TRUE,TRUE,1.24041120436097
"mn_zero_mean",2020-08-01,"selic",3.84556963098286,3.78839698990219,-0.0571726410806654,0.0571726410806654,0.00326871088813859,0.0357263518690969,FALSE,TRUE,4.28014378136769
"mn_zero_mean",2020-09-01,"igi",0.460566696696968,0.530692424464992,0.0701257277680238,0.0701257277680238,0.00491761769499498,0.0520325800392469,FALSE,FALSE,0.188567331614857
"mn_zero_mean",2020-09-01,"ci",1,1.00182618999514,0.00182618999513817,0.00182618999513817,3.33496989834276e-06,0.00173189839323317,TRUE,TRUE,0.072689807061618
"mn_zero_mean",2020-09-01,"gha",-5.24833851735433,-5.66354353753087,-0.415205020176539,0.415205020176539,0.1723952087798,0.276674619460628,FALSE,TRUE,4.32080869866652
"mn_zero_mean",2020-09-01,"exp",3.37,3.14735976632542,-0.222640233674579,0.222640233674579,0.0495686736506709,0.156769643937002,FALSE,FALSE,1.24041120436097
"mn_zero_mean",2020-09-01,"selic",3.53545942901896,3.49305417935841,-0.0424052496605496,0.0424052496605496,0.00179820519877354,0.025074580156186,TRUE,TRUE,4.28014378136769
"mn_zero_mean",2020-10-01,"igi",0.508204531969605,0.480231048244415,-0.0279734837251905,0.0279734837251905,0.000782515791723497,0.0168177100160001,TRUE,TRUE,0.188567331614857
"mn_zero_mean",2020-10-01,"ci",1,0.996428429068378,-0.00357157093162153,0.00357157093162153,1.27561189196039e-05,0.00223729718816254,TRUE,TRUE,0.072689807061618
"mn_zero_mean",2020-10-01,"gha",-3.97737747075211,-3.51192627752787,0.465451193224241,0.465451193224241,0.21664481327387,0.324592462785326,FALSE,FALSE,4.32080869866652
"mn_zero_mean",2020-10-01,"exp",3.92,3.45534458182635,-0.464655418173646,0.464655418173646,0.215904657638126,0.399645243956335,FALSE,FALSE,1.24041120436097
"mn_zero_mean",2020-10-01,"selic",3.20572866650617,3.22222055864493,0.0164918921387591,0.0164918921387591,0.000271982506316465,0.0124571853648789,TRUE,TRUE,4.28014378136769
"mn_zero_mean",2020-11-01,"igi",0.479623500786908,0.51691986500723,0.0372963642203223,0.0372963642203223,0.00139101878405494,0.0255366785771211,FALSE,TRUE,0.188567331614857
"mn_zero_mean",2020-11-01,"ci",0.993125,0.988480555860175,-0.00464444413982545,0.00464444413982545,2.1570861367959e-05,0.00279077346560866,TRUE,TRUE,0.072689807061618
"mn_zero_mean",2020-11-01,"gha",-2.66405105592981,-2.86740833047504,-0.203357274545232,0.203357274545232,0.0413541811104648,0.121308385502403,TRUE,TRUE,4.32080869866652
"mn_zero_mean",2020-11-01,"exp",4.11,4.08597838773681,-0.0240216122631862,0.0240216122631862,0.000577037855722859,0.0260110840564557,TRUE,TRUE,1.24041120436097
"mn_zero_mean",2020-11-01,"selic",2.96925409394893,2.89516530607779,-0.0740887878711356,0.0740887878711356,0.00548914848821413,0.0544266212222293,FALSE,FALSE,4.28014378136769
"mn_zero_mean",2020-12-01,"igi",0.402116942835389,0.479980195100348,0.077863252264959,0.077863252264959,0.00606268605327664,0.0665851760005956,FALSE,FALSE,0.188567331614857
"mn_zero_mean",2020-12-01,"ci",0.99375,0.983550185390919,-0.0101998146090809,0.0101998146090809,0.000104036218059621,0.00775819947338025,FALSE,FALSE,0.072689807061618
"mn_zero_mean",2020-12-01,"gha",-1.39309000932759,-1.72015168795045,-0.327061678622857,0.327061678622857,0.106969341623601,0.213552521563808,FALSE,TRUE,4.32080869866652
"mn_zero_mean",2020-12-01,"exp",4.1,4.23539039137476,0.135390391374765,0.135390391374765,0.018330558076612,0.0898016483668102,FALSE,TRUE,1.24041120436097
"mn_zero_mean",2020-12-01,"selic",2.75381578210545,2.78932724092323,0.0355114588177834,0.0355114588177834,0.00126106370736713,0.021822476544171,FALSE,TRUE,4.28014378136769
"mn_zero_mean",2021-01-01,"igi",0.471310372606226,0.39699952068219,-0.0743108519240355,0.0743108519240355,0.00552210271367593,0.0630672275921321,FALSE,FALSE,0.188567331614857
"mn_zero_mean",2021-01-01,"ci",1,0.9861623170045,-0.0138376829955004,0.0138376829955004,0.00019148147068396,0.0112244790660924,FALSE,FALSE,0.072689807061618
"mn_zero_mean",2021-01-01,"gha",-1.2171126928148,-0.502839314851158,0.714273377963642,0.714273377963642,0.510186458467592,0.582768717599796,FALSE,FALSE,4.32080869866652
"mn_zero_mean",2021-01-01,"exp",3.57,4.18211670832609,0.612116708326095,0.612116708326095,0.374686864611973,0.557876376402562,FALSE,FALSE,1.24041120436097
"mn_zero_mean",2021-01-01,"selic",2.51837667441583,2.60794610543295,0.0895694310171229,0.0895694310171229,0.00802268297273114,0.0726532571632343,FALSE,FALSE,4.28014378136769
"mn_zero_mean",2021-02-01,"igi",0.336702550886205,0.449884915137843,0.113182364251638,0.113182364251638,0.0128102475775904,0.101079858232582,FALSE,FALSE,0.188567331614857
"mn_zero_mean",2021-02-01,"ci",0.985230769230769,0.998351517994114,0.0131207487633451,0.0131207487633451,0.000172154048110823,0.0104834491343951,FALSE,FALSE,0.072689807061618
"mn_zero_mean",2021-02-01,"gha",-1.041135376302,-1.30340943576624,-0.262274059464244,0.262274059464244,0.0687876822678538,0.159717455367014,FALSE,TRUE,4.32080869866652
"mn_zero_mean",2021-02-01,"exp",3.99,3.60647499966293,-0.38352500033707,0.38352500033707,0.14709142588355,0.327183176010661,FALSE,FALSE,1.24041120436097
"mn_zero_mean",2021-02-01,"selic",2.35482158150622,2.35967521307428,0.00485363156806029,0.00485363156806029,2.35577393984714e-05,0.00777270765274863,TRUE,TRUE,4.28014378136769
"mn_zero_mean",2021-03-01,"igi",0.437750125055564,0.371393392730481,-0.0663567323250829,0.0663567323250829,0.00440321592486271,0.0550495569031699,FALSE,FALSE,0.188567331614857
"mn_zero_mean",2021-03-01,"ci",0.953846153846154,0.978930070399683,0.0250839165535295,0.0250839165535295,0.00062920286966443,0.0225936926235744,FALSE,FALSE,0.072689807061618
"mn_zero_mean",2021-03-01,"gha",-0.882188122677541,-0.75240722217036,0.129780900507181,0.129780900507181,0.0168430821364548,0.0818632043404733,TRUE,TRUE,4.32080869866652
"mn_zero_mean",2021-03-01,"exp",4.5,4.10552217854218,-0.394477821457818,0.394477821457818,0.155612751622106,0.342066374283144,FALSE,FALSE,1.24041120436097
"mn_zero_mean",2021-03-01,"selic",2.21201038934546,2.21659788867695,0.00458749933149205,0.00458749933149205,2.104515011644e-05,0.00705662946334848,TRUE,TRUE,4.28014378136769
"mn_zero_mean",2021-04-01,"igi",0.552744968025469,0.470384049067581,-0.082360918957888,0.082360918957888,0.00678332097158779,0.0714870868060295,FALSE,FALSE,0.188567331614857
"mn_zero_mean",2021-04-01,"ci",0.978461538461538,0.947228191801154,-0.031233346660384,0.031233346660384,0.000975521943607722,0.0287116616565271,FALSE,FALSE,0.072689807061618
"mn_zero_mean",2021-04-01,"gha",-1.22008660249197,-0.714018759471744,0.506067843020226,0.506067843020226,0.256104661739145,0.381987794893799,FALSE,FALSE,4.32080869866652
"mn_zero_mean",2021-04-01,"exp",4.1,4.68098960396228,0.580989603962277,0.580989603962277,0.337548919912244,0.527155750929268,FALSE,FALSE,1.24041120436097
"mn_zero_mean",2021-04-01,"selic",2.14066175824001,2.10078307522987,-0.0398786830101385,0.0398786830101385,0.00159030935862311,0.0259488590302278,FALSE,TRUE,4.28014378136769
"mn_zero_mean",2021-05-01,"igi",0.544447961309629,0.513588158570797,-0.0308598027388325,0.0308598027388325,0.000952327425079653,0.0204368070699108,FALSE,TRUE,0.188567331614857
"mn_zero_mean",2021-05-01,"ci",0.956923076923077,0.97548561955737,0.0185625426342934,0.0185625426342934,0.000344567989049959,0.0158269711568559,FALSE,FALSE,0.072689807061618
"mn_zero_mean",2021-05-01,"gha",-1.54708513134464,-1.64549969936563,-0.0984145680209905,0.0984145680209905,0.00968542719875816,0.0701946824231256,TRUE,TRUE,4.32080869866652
"mn_zero_mean",2021-05-01,"exp",4.45,4.09331668505997,-0.356683314940034,0.356683314940034,0.127222987156612,0.299730286959932,FALSE,FALSE,1.24041120436097
"mn_zero_mean",2021-05-01,"selic",2.1712305915675,2.13306740729794,-0.0381631842695582,0.0381631842695582,0.00145642863359226,0.0241103462811105,FALSE,TRUE,4.28014378136769
"mn_zero_mean",2021-06-01,"igi",0.542209655734563,0.562158389392274,0.0199487336577114,0.0199487336577114,0.000397951974546309,0.0123571174955348,FALSE,TRUE,0.188567331614857
"mn_zero_mean",2021-06-01,"ci",0.955489230769231,0.951760405334073,-0.00372882543515807,0.00372882543515807,1.39041391258818e-05,0.0022253604943401,TRUE,TRUE,0.072689807061618
"mn_zero_mean",2021-06-01,"gha",-1.88498361115906,-1.84366439893407,0.0413192122249857,0.0413192122249857,0.00170727729889341,0.0552860527709682,TRUE,TRUE,4.32080869866652
"mn_zero_mean",2021-06-01,"exp",4.4733,4.54317121718179,0.069871217181789,0.069871217181789,0.00488198699046473,0.0417150803518879,TRUE,TRUE,1.24041120436097
"mn_zero_mean",2021-06-01,"selic",2.27318771220573,2.22375788116289,-0.0494298310428429,0.0494298310428429,0.002443308196924,0.0355510868324604,FALSE,FALSE,4.28014378136769
"mn_zero_mean",2021-07-01,"igi",0.402314200210209,0.543669902875826,0.141355702665617,0.141355702665617,0.0199814346760902,0.132716410076097,FALSE,FALSE,0.188567331614857
"mn_zero_mean",2021-07-01,"ci",0.930024615384615,0.95187747136005,0.0218528559754347,0.0218528559754347,0.000477547314283094,0.0197131367312286,FALSE,FALSE,0.072689807061618
"mn_zero_mean",2021-07-01,"gha",-1.8415536508321,-2.20342183232192,-0.361868181489818,0.361868181489818,0.130948580774748,0.246942994178698,FALSE,FALSE,4.32080869866652
"mn_zero_mean",2021-07-01,"exp",4.8871,4.50303961582989,-0.384060384170112,0.384060384170112,0.147502378688894,0.33554045692223,FALSE,FALSE,1.24041120436097
"mn_zero_mean",2021-07-01,"selic",2.44672241538046,2.3998155793941,-0.0469068359863587,0.0469068359863587,0.00220025126225116,0.0336018748574569,FALSE,FALSE,4.28014378136769
"mn_zero_mean",2021-08-01,"igi",0.449918725727574,0.450006715067624,8.79893400498322e-05,8.79893400498322e-05,7.742123962405e-09,0.00492495895361606,TRUE,TRUE,0.188567331614857
"mn_zero_mean",2021-08-01,"ci",0.933852307692308,0.927469132628985,-0.00638317506332298,0.00638317506332298,4.07449238890283e-05,0.00406365951296509,FALSE,TRUE,0.072689807061618
"mn_zero_mean",2021-08-01,"gha",-1.7966760251609,-1.70195094103788,0.0947250841230161,0.0947250841230161,0.00897284156211247,0.0688825130252953,TRUE,TRUE,4.32080869866652
"mn_zero_mean",2021-08-01,"exp",4.8249,4.94823864945175,0.123338649451746,0.123338649451746,0.0152124224485807,0.0776991002099514,FALSE,TRUE,1.24041120436097
"mn_zero_mean",2021-08-01,"selic",2.72288670304173,2.62173797153397,-0.101148731507763,0.101148731507763,0.0102310658856294,0.0844371227950459,FALSE,FALSE,4.28014378136769
"mn_zero_mean",2021-09-01,"igi",0.443110450996762,0.46193899166179,0.0188285406650276,0.0188285406650276,0.0003545139435746,0.0115707851101254,FALSE,TRUE,0.188567331614857
"mn_zero_mean",2021-09-01,"ci",0.901544615384615,0.931671311819828,0.0301266964352129,0.0301266964352129,0.000907617838099471,0.0278478168311734,FALSE,FALSE,0.072689807061618
"mn_zero_mean",2021-09-01,"gha",-1.75179839948971,-1.74360084429258,0.00819755519712695,0.00819755519712695,6.7199911209943e-05,0.0513711984554983,TRUE,TRUE,4.32080869866652
"mn_zero_mean",2021-09-01,"exp",5.3499,4.82922320470388,-0.52067679529612,0.52067679529612,0.271104325159837,0.470267680754726,FALSE,FALSE,1.24041120436097
"mn_zero_mean",2021-09-01,"selic",3.01005132241923,2.99711679830047,-0.0129345241187626,0.0129345241187626,0.000167301914178852,0.00847812833165114,TRUE,TRUE,4.28014378136769
"mn_zero_mean",2021-10-01,"igi",0.500868201892054,0.496683267793872,-0.00418493409818221,0.00418493409818221,1.75136734061282e-05,0.00473499938270748,TRUE,TRUE,0.188567331614857
"mn_zero_mean",2021-10-01,"ci",0.891993846153846,0.90034407808287,0.00835023192902351,0.00835023192902351,6.97263732684837e-05,0.00587755629344219,FALSE,FALSE,0.072689807061618
"mn_zero_mean",2021-10-01,"gha",-1.65683334429431,-1.62953773647575,0.0272956078185609,0.0272956078185609,0.000745050206184682,0.0540189917153732,TRUE,TRUE,4.32080869866652
"mn_zero_mean",2021-10-01,"exp",5.5051,5.41803504183556,-0.0870649581644436,0.0870649581644436,0.00758030694017631,0.0522354615821097,TRUE,TRUE,1.24041120436097
"mn_zero_mean",2021-10-01,"selic",3.34944146755098,3.28112266010294,-0.0683188074480401,0.0683188074480401,0.00466745945112238,0.0520477155328627,FALSE,FALSE,4.28014378136769
"mn_zero_mean",2021-11-01,"igi",0.3862200699166,0.523307423724543,0.137087353807943,0.137087353807943,0.0187929425740641,0.127815782601747,FALSE,FALSE,0.188567331614857
"mn_zero_mean",2021-11-01,"ci",0.868270769230769,0.893282935147099,0.0250121659163296,0.0250121659163296,0.000625608443826,0.0227245173224933,FALSE,FALSE,0.072689807061618
"mn_zero_mean",2021-11-01,"gha",-1.55870278725907,-1.63485259012271,-0.0761498028636354,0.0761498028636354,0.00579879247617053,0.0632940043816106,TRUE,TRUE,4.32080869866652
"mn_zero_mean",2021-11-01,"exp",5.8906,5.50040562299033,-0.390194377009673,0.390194377009673,0.152251651849967,0.337638868997482,FALSE,FALSE,1.24041120436097
"mn_zero_mean",2021-11-01,"selic",3.80349792532155,3.68627841336491,-0.117219511956639,0.117219511956639,0.0137404139833526,0.103170138369127,FALSE,FALSE,4.28014378136769
"mn_zero_mean",2021-12-01,"igi",0.414873421116103,0.442873454759244,0.0280000336431411,0.0280000336431411,0.000784001884017032,0.0177303114322349,FALSE,TRUE,0.188567331614857
"mn_zero_mean",2021-12-01,"ci",0.908769230769231,0.871202078193325,-0.0375671525759058,0.0375671525759058,0.00141129095266139,0.0347642007102346,FALSE,FALSE,0.072689807061618
"mn_zero_mean",2021-12-01,"gha",-1.46373773206367,-1.39846446509178,0.0652732669718865,0.0652732669718865,0.00426059938118317,0.0598360177706535,TRUE,TRUE,4.32080869866652
"mn_zero_mean",2021-12-01,"exp",5.2325,5.8798957875598,0.647395787559802,0.647395787559802,0.419121305750176,0.591246550882388,FALSE,FALSE,1.24041120436097
"mn_zero_mean",2021-12-01,"selic",4.43568775893224,4.23805515544931,-0.197632603482933,0.197632603482933,0.039058645959442,0.180201932237325,FALSE,FALSE,4.28014378136769
"mn_zero_mean",2022-01-01,"igi",0.487096882890473,0.401618203934473,-0.0854786789559998,0.0854786789559998,0.00730660455606287,0.0724337760491966,FALSE,FALSE,0.188567331614857
"mn_zero_mean",2022-01-01,"ci",0.884963636363636,0.91116888067011,0.0262052443064739,0.0262052443064739,0.000686714829161981,0.0230960932582537,FALSE,FALSE,0.072689807061618
"mn_zero_mean",2022-01-01,"gha",-0.373564815680839,-1.42876751382629,-1.05520269814545,1.05520269814545,1.11345273417344,0.920189521339202,FALSE,FALSE,4.32080869866652
"mn_zero_mean",2022-01-01,"exp",5.3981,5.08818803147039,-0.309911968529608,0.309911968529608,0.0960454282378968,0.248064576587001,FALSE,FALSE,1.24041120436097
"mn_zero_mean",2022-01-01,"selic",5.04050751829499,5.03968618558818,-0.000821332706811617,0.000821332706811617,6.74587415278498e-07,0.00817990624196647,TRUE,TRUE,4.28014378136769
"mn_zero_mean",2022-02-01,"igi",0.510730827213576,0.520168149115996,0.00943732190241986,0.00943732190241986,8.90630446898936e-05,0.00672488040518945,TRUE,TRUE,0.188567331614857
"mn_zero_mean",2022-02-01,"ci",0.881327272727273,0.888429144070302,0.00710187134302942,0.00710187134302942,5.04365765729425e-05,0.00456867834965943,FALSE,TRUE,0.072689807061618
"mn_zero_mean",2022-02-01,"gha",0.716608100701991,0.311727920436902,-0.404880180265089,0.404880180265089,0.163927960371491,0.284278185857085,FALSE,FALSE,4.32080869866652
"mn_zero_mean",2022-02-01,"exp",5.4581,5.40082395767277,-0.0572760423272323,0.0572760423272323,0.0032805450246709,0.0378492149225453,TRUE,TRUE,1.24041120436097
"mn_zero_mean",2022-02-01,"selic",5.70140355081796,5.59222300756932,-0.109180543248643,0.109180543248643,0.0119203910240688,0.0906566562357938,FALSE,FALSE,4.28014378136769
"mn_zero_mean",2022-03-01,"igi",0.430701909770818,0.525734739506733,0.0950328297359148,0.0950328297359148,0.00903123872761536,0.0832348655509684,FALSE,FALSE,0.188567331614857
"mn_zero_mean",2022-03-01,"ci",0.832193939393939,0.886634651881549,0.0544407124876095,0.0544407124876095,0.00296379117615856,0.0516464210598966,FALSE,FALSE,0.072689807061618
"mn_zero_mean",2022-03-01,"gha",1.70128041227358,1.35578602934494,-0.345494382928643,0.345494382928643,0.119366368635244,0.227638805830378,FALSE,TRUE,4.32080869866652
"mn_zero_mean",2022-03-01,"exp",6.2688,5.39259853140038,-0.876201468599617,0.876201468599617,0.767729013576125,0.819699801115602,FALSE,FALSE,1.24041120436097
"mn_zero_mean",2022-03-01,"selic",6.47148363656744,6.31393180066924,-0.157551835898198,0.157551835898198,0.0248225809948928,0.139697887261876,FALSE,FALSE,4.28014378136769
"mn_zero_mean",2022-04-01,"igi",0.404327274470482,0.498936372955293,0.0946090984848109,0.0946090984848109,0.00895088151610864,0.0778938484128082,FALSE,FALSE,0.188567331614857
"mn_zero_mean",2022-04-01,"ci",0.848048484848485,0.839103228910792,-0.00894525593769324,0.00894525593769324,8.00176037908362e-05,0.00578108615114599,FALSE,TRUE,0.072689807061618
"mn_zero_mean",2022-04-01,"gha",5.1829028141662,2.35399776642855,-2.82890504773765,2.82890504773765,8.00270376911556,2.68459402461181,FALSE,FALSE,4.32080869866652
"mn_zero_mean",2022-04-01,"exp",6.0072,6.27231231423584,0.265112314235841,0.265112314235841,0.0702845391594834,0.196142607546685,FALSE,FALSE,1.24041120436097
"mn_zero_mean",2022-04-01,"selic",7.13022348143995,7.18086913697129,0.0506456555313433,0.0506456555313433,0.00256498242419948,0.0318425709250473,FALSE,TRUE,4.28014378136769
"mn_zero_mean",2022-05-01,"igi",0.384757000306539,0.387230826239657,0.00247382593311846,0.00247382593311846,6.1198147473694e-06,0.00850743632905857,TRUE,TRUE,0.188567331614857
"mn_zero_mean",2022-05-01,"ci",0.83689696969697,0.85780744588681,0.02091047618984,0.02091047618984,0.000437248014485865,0.0162984652552614,FALSE,FALSE,0.072689807061618
"mn_zero_mean",2022-05-01,"gha",8.55221481599778,7.42810128187093,-1.12411353412685,1.12411353412685,1.26363123760716,0.948967291898705,FALSE,FALSE,4.32080869866652
"mn_zero_mean",2022-05-01,"exp",6.1912,5.87352948272996,-0.31767051727004,0.31767051727004,0.100914557542615,0.235191972782169,FALSE,FALSE,1.24041120436097
"mn_zero_mean",2022-05-01,"selic",0.730467938213913,7.78916621018045,7.05869827196654,7.05869827196654,49.8252212946634,7.02961239800743,FALSE,FALSE,4.28014378136769
"mn_zero_mean",2022-06-01,"igi",0.403715921101033,0.235454606071301,-0.168261315029732,0.168261315029732,0.0283118701355349,0.102044039075367,TRUE,TRUE,0.188567331614857
"mn_zero_mean",2022-06-01,"ci",1,0.911964197038627,-0.0880358029613731,0.0880358029613731,0.00775030260305372,0.0691233961134286,FALSE,FALSE,0.072689807061618
"mn_zero_mean",2022-06-01,"gha",12.0338372178904,8.6405904067792,-3.3932468111112,3.3932468111112,11.5141239211163,2.84289765606639,FALSE,FALSE,4.32080869866652
"mn_zero_mean",2022-06-01,"exp",3.6974,6.15889071659767,2.46149071659767,2.46149071659767,6.05893654789652,2.13935675280885,FALSE,FALSE,1.24041120436097
"mn_zero_mean",2022-06-01,"selic",0.828530953234968,-4.36760039285312,-5.19613134608809,5.19613134608809,26.9997809657992,4.68951574388011,FALSE,FALSE,4.28014378136769
"mn_soc",2019-07-01,"igi",0.336518716202664,0.306957661223312,-0.029561054979352,0.029561054979352,0.00087385597149227,0.0219922759830114,FALSE,FALSE,0.188567331614857
"mn_soc",2019-07-01,"ci",1,0.994135394890161,-0.00586460510983877,0.00586460510983877,3.4393593094347e-05,0.0038690176541427,FALSE,TRUE,0.072689807061618
"mn_soc",2019-07-01,"gha",-0.233134769467566,-0.0717453758033108,0.161389393664255,0.161389393664255,0.0260465363873159,0.100461438499431,FALSE,TRUE,4.32080869866652
"mn_soc",2019-07-01,"exp",3.65,3.57099429360422,-0.0790057063957788,0.0790057063957788,0.006241901643096,0.0472784363039233,TRUE,TRUE,1.24041120436097
"mn_soc",2019-07-01,"selic",6.33684441173752,6.26270062181606,-0.0741437899214645,0.0741437899214645,0.00549730158391827,0.0597267924400132,FALSE,FALSE,4.28014378136769
"mn_soc",2019-08-01,"igi",0.297825361058368,0.338596234608719,0.0407708735503513,0.0407708735503513,0.00166226413005874,0.0329917304605123,FALSE,FALSE,0.188567331614857
"mn_soc",2019-08-01,"ci",1,0.991688318067492,-0.00831168193250775,0.00831168193250775,6.90840565471758e-05,0.00607590153805011,FALSE,FALSE,0.072689807061618
"mn_soc",2019-08-01,"gha",-0.384946636272569,-0.293153073591583,0.0917935626809855,0.0917935626809855,0.00842605814966801,0.0559569570929728,TRUE,TRUE,4.32080869866652
"mn_soc",2019-08-01,"exp",3.49,3.74267788489455,0.252677884894545,0.252677884894545,0.0638461135147809,0.207304720464818,FALSE,FALSE,1.24041120436097
"mn_soc",2019-08-01,"selic",6.26283049994651,6.35112339315621,0.0882928932096991,0.0882928932096991,0.00779563499133933,0.0736107888946718,FALSE,FALSE,4.28014378136769
"mn_soc",2019-09-01,"igi",0.34572392334498,0.293507462533768,-0.0522164608112119,0.0522164608112119,0.00272655877964883,0.0446288786512704,FALSE,FALSE,0.188567331614857
"mn_soc",2019-09-01,"ci",1,0.995229989324032,-0.00477001067596827,0.00477001067596827,2.27530018488513e-05,0.00296101697539382,FALSE,TRUE,0.072689807061618
"mn_soc",2019-09-01,"gha",-0.536758503077572,-0.438918104571519,0.0978403985060526,0.0978403985060526,0.00957274357982319,0.057914869997054,TRUE,TRUE,4.32080869866652
"mn_soc",2019-09-01,"exp",3.34,3.55194241859264,0.211942418592644,0.211942418592644,0.0449195887988994,0.167074820470875,FALSE,FALSE,1.24041120436097
"mn_soc",2019-09-01,"selic",6.25225392679034,6.20582915407302,-0.0464247727173221,0.0464247727173221,0.00215525952185502,0.0328511096555188,FALSE,FALSE,4.28014378136769
"mn_soc",2019-10-01,"igi",0.760918870404394,0.332448331615018,-0.428470538789376,0.428470538789376,0.183587002610458,0.420652559792282,FALSE,FALSE,0.188567331614857
"mn_soc",2019-10-01,"ci",1,0.994322711408811,-0.00567728859118888,0.00567728859118888,3.22316057476434e-05,0.00366472714144959,FALSE,TRUE,0.072689807061618
"mn_soc",2019-10-01,"gha",-0.451727754964882,-0.602248439247475,-0.150520684282593,0.150520684282593,0.0226564763969,0.0929248385573544,FALSE,TRUE,4.32080869866652
"mn_soc",2019-10-01,"exp",3.37,3.3940141156466,0.0240141156466018,0.0240141156466018,0.000576677750288367,0.0213270449328618,TRUE,TRUE,1.24041120436097
"mn_soc",2019-10-01,"selic",6.18884498273218,6.24094413953748,0.0520991568053031,0.0520991568053031,0.00271432213982356,0.0377751218958971,FALSE,FALSE,4.28014378136769
"mn_soc",2019-11-01,"igi",1,0.690171994966324,-0.309828005033676,0.309828005033676,0.0959933927031476,0.291458407967019,FALSE,FALSE,0.188567331614857
"mn_soc",2019-11-01,"ci",1,0.990084742359536,-0.0099152576404643,0.0099152576404643,9.83123340767857e-05,0.00637383760249039,FALSE,TRUE,0.072689807061618
"mn_soc",2019-11-01,"gha",-0.363862648581769,-0.660766536604986,-0.296903888023217,0.296903888023217,0.0881519187233028,0.201788436461343,FALSE,TRUE,4.32080869866652
"mn_soc",2019-11-01,"exp",3.81,3.48148562132148,-0.328514378678516,0.328514378678516,0.107921696998532,0.258149701159255,FALSE,FALSE,1.24041120436097
"mn_soc",2019-11-01,"selic",6.07260682024735,6.14000196783292,0.0673951475855734,0.0673951475855734,0.00454210591808122,0.0435817093248859,FALSE,TRUE,4.28014378136769
"mn_soc",2019-12-01,"igi",0.981329524820544,0.953229726405983,-0.0280997984145607,0.0280997984145607,0.000789598670938947,0.0167084472262367,TRUE,TRUE,0.188567331614857
"mn_soc",2019-12-01,"ci",1,0.989908954112656,-0.0100910458873441,0.0100910458873441,0.000101829207100484,0.00652627138000094,FALSE,TRUE,0.072689807061618
"mn_soc",2019-12-01,"gha",-0.278831900469079,-0.798595041772959,-0.51976314130388,0.51976314130388,0.270153723058077,0.419131554021935,FALSE,FALSE,4.32080869866652
"mn_soc",2019-12-01,"exp",4.1,4.02964049522574,-0.0703595047742596,0.0703595047742596,0.00495045991207905,0.0436818456679142,TRUE,TRUE,1.24041120436097
"mn_soc",2019-12-01,"selic",5.9459403577294,6.00671179742337,0.0607714396939656,0.0607714396939656,0.0036931678824773,0.0380802367316286,FALSE,TRUE,4.28014378136769
"mn_soc",2020-01-01,"igi",0.718596176759615,0.931185704834835,0.21258952807522,0.21258952807522,0.045194307447245,0.193818788317191,FALSE,FALSE,0.188567331614857
"mn_soc",2020-01-01,"ci",1,0.994951310888735,-0.00504868911126499,0.00504868911126499,2.54892617422057e-05,0.0030639067989111,TRUE,TRUE,0.072689807061618
"mn_soc",2020-01-01,"gha",-1.14220082511388,-0.709248142010362,0.432952683103518,0.432952683103518,0.187448025806535,0.331598048577894,FALSE,FALSE,4.32080869866652
"mn_soc",2020-01-01,"exp",3.44,4.28374775542828,0.843747755428276,0.843747755428276,0.711910274790253,0.7773834308996,FALSE,FALSE,1.24041120436097
"mn_soc",2020-01-01,"selic",5.77733730961685,5.90992537559176,0.132588065974908,0.132588065974908,0.0175795952389666,0.105243324295403,FALSE,FALSE,4.28014378136769
"mn_soc",2020-02-01,"igi",0.696348024674756,0.633766967000627,-0.062581057674129,0.062581057674129,0.00391638877961266,0.0426501509800248,FALSE,FALSE,0.188567331614857
"mn_soc",2020-02-01,"ci",1,1.00452607277749,0.00452607277749051,0.00452607277749051,2.04853347871406e-05,0.00291158311694426,TRUE,TRUE,0.072689807061618
"mn_soc",2020-02-01,"gha",-2.00556974975868,-2.12338995282353,-0.117820203064855,0.117820203064855,0.0138816002502436,0.0728582984103272,TRUE,TRUE,4.32080869866652
"mn_soc",2020-02-01,"exp",3.46,3.37412666864749,-0.0858733313525146,0.0858733313525146,0.00737422903757877,0.0519344761917675,TRUE,TRUE,1.24041120436097
"mn_soc",2020-02-01,"selic",5.56681419824334,5.73886976071518,0.172055562471836,0.172055562471836,0.0296031165774997,0.140499564887624,FALSE,FALSE,4.28014378136769
"mn_soc",2020-03-01,"igi",0.744792120162424,0.655065074809306,-0.0897270453531176,0.0897270453531176,0.00805094266780042,0.078163157138244,FALSE,FALSE,0.188567331614857
"mn_soc",2020-03-01,"ci",1,0.995429390388927,-0.0045706096110727,0.0045706096110727,2.08904722168301e-05,0.00270754771959214,TRUE,TRUE,0.072689807061618
"mn_soc",2020-03-01,"gha",-2.81323745345866,-2.83841877660715,-0.0251813231484932,0.0251813231484932,0.000634099035508839,0.0351402841767237,TRUE,TRUE,4.32080869866652
"mn_soc",2020-03-01,"exp",3.13,3.52992550548,0.39992550548,0.39992550548,0.159940409933434,0.347935158552775,FALSE,FALSE,1.24041120436097
"mn_soc",2020-03-01,"selic",5.43021933563987,5.40914930845433,-0.0210700271855426,0.0210700271855426,0.000443946045599505,0.0130553859595175,TRUE,TRUE,4.28014378136769
"mn_soc",2020-04-01,"igi",0.614336108827054,0.700744764585873,0.0864086557588188,0.0864086557588188,0.00746645579004606,0.0737501757295429,FALSE,FALSE,0.188567331614857
"mn_soc",2020-04-01,"ci",1,0.99828023740291,-0.00171976259709017,0.00171976259709017,2.95758339035032e-06,0.00138706074638755,TRUE,TRUE,0.072689807061618
"mn_soc",2020-04-01,"gha",-5.70238718279039,-3.57493923937705,2.12744794341334,2.12744794341334,4.52603475193366,2.04319567915211,FALSE,FALSE,4.32080869866652
"mn_soc",2020-04-01,"exp",2.5,3.14664416681609,0.646644166816087,0.646644166816087,0.418148678477271,0.592946020693603,FALSE,FALSE,1.24041120436097
"mn_soc",2020-04-01,"selic",5.17849577176646,5.33860567111661,0.16010989935015,0.16010989935015,0.0256351798699152,0.140892058134347,FALSE,FALSE,4.28014378136769
"mn_soc",2020-05-01,"igi",0.697980641983104,0.564946355424991,-0.133034286558113,0.133034286558113,0.0176981214000262,0.110815440129283,FALSE,FALSE,0.188567331614857
"mn_soc",2020-05-01,"ci",1,1.00074882878268,0.000748828782676458,0.000748828782676458,5.60744545764707e-07,0.00189378649095141,TRUE,TRUE,0.072689807061618
"mn_soc",2020-05-01,"gha",-8.49833853375657,-7.9390659748505,0.559272558906071,0.559272558906071,0.312785795145344,0.438150533761167,FALSE,FALSE,4.32080869866652
"mn_soc",2020-05-01,"exp",2.67,2.40422485736005,-0.26577514263995,0.26577514263995,0.0706364264452856,0.190341122353268,FALSE,FALSE,1.24041120436097
"mn_soc",2020-05-01,"selic",4.86465502448645,4.99019607782929,0.125541053342844,0.125541053342844,0.0157605560744308,0.0938584404853964,FALSE,FALSE,4.28014378136769
"mn_soc",2020-06-01,"igi",0.618410053019843,0.695734381999308,0.0773243289794653,0.0773243289794653,0.00597905185212457,0.0577572346929664,FALSE,FALSE,0.188567331614857
"mn_soc",2020-06-01,"ci",1,0.992871472330366,-0.00712852766963357,0.00712852766963357,5.08159067367314e-05,0.00433012593619653,TRUE,TRUE,0.072689807061618
"mn_soc",2020-06-01,"gha",-11.3874882630883,-10.5786349066969,0.80885335639139,0.80885335639139,0.654243752145617,0.690652237505525,FALSE,FALSE,4.32080869866652
"mn_soc",2020-06-01,"exp",3.22,2.73204563467246,-0.487954365327541,0.487954365327541,0.238099462642204,0.411226382098054,FALSE,FALSE,1.24041120436097
"mn_soc",2020-06-01,"selic",4.59328237288532,4.55229152757197,-0.0409908453133498,0.0409908453133498,0.00168024939950297,0.0248914383108219,TRUE,TRUE,4.28014378136769
"mn_soc",2020-07-01,"igi",0.644312255357632,0.633115397787786,-0.0111968575698456,0.0111968575698456,0.000125369619439408,0.00972865226382838,TRUE,TRUE,0.188567331614857
"mn_soc",2020-07-01,"ci",1,0.991276592411737,-0.0087234075882634,0.0087234075882634,7.60978399509714e-05,0.00530039235945697,FALSE,TRUE,0.072689807061618
"mn_soc",2020-07-01,"gha",-9.3855916068707,-13.4688413307175,-4.0832497238468,4.0832497238468,16.6729283072949,3.96143223613633,FALSE,FALSE,4.32080869866652
"mn_soc",2020-07-01,"exp",3.2,3.36441397733979,0.16441397733979,0.16441397733979,0.027031955944689,0.10255660284827,FALSE,TRUE,1.24041120436097
"mn_soc",2020-07-01,"selic",4.19808055025734,4.30831231206656,0.110231761809222,0.110231761809222,0.012151041311565,0.0802057216095717,FALSE,FALSE,4.28014378136769
"mn_soc",2020-08-01,"igi",0.50902807123662,0.655489559698814,0.146461488462194,0.146461488462194,0.0214509676025613,0.12990677974056,FALSE,FALSE,0.188567331614857
"mn_soc",2020-08-01,"ci",1,0.993177025762749,-0.00682297423725065,0.00682297423725065,4.6552977442186e-05,0.00413046089209279,FALSE,TRUE,0.072689807061618
"mn_soc",2020-08-01,"gha",-7.31696506211252,-7.86550525002758,-0.548540187915064,0.548540187915064,0.300896337757894,0.403900721582934,FALSE,FALSE,4.32080869866652
"mn_soc",2020-08-01,"exp",3.14,3.26351886151515,0.123518861515146,0.123518861515146,0.0152569091499977,0.0735469913155893,FALSE,TRUE,1.24041120436097
"mn_soc",2020-08-01,"selic",3.84556963098286,3.81224009470532,-0.0333295362775372,0.0333295362775372,0.00111085798847567,0.0198657422709631,TRUE,TRUE,4.28014378136769
"mn_soc",2020-09-01,"igi",0.460566696696968,0.512317840015837,0.0517511433188695,0.0517511433188695,0.00267818083481017,0.0358884132594766,FALSE,FALSE,0.188567331614857
"mn_soc",2020-09-01,"ci",1,0.99416208755241,-0.00583791244759035,0.00583791244759035,3.40812217457304e-05,0.00343608596176531,TRUE,TRUE,0.072689807061618
"mn_soc",2020-09-01,"gha",-5.24833851735433,-5.70484579327608,-0.456507275921752,0.456507275921752,0.208398892969499,0.315484505535976,FALSE,FALSE,4.32080869866652
"mn_soc",2020-09-01,"exp",3.37,3.17112669585793,-0.198873304142072,0.198873304142072,0.0395505911003852,0.137307101578583,FALSE,FALSE,1.24041120436097
"mn_soc",2020-09-01,"selic",3.53545942901896,3.51543286739953,-0.0200265616194324,0.0200265616194324,0.000401063170296923,0.0143424189057249,TRUE,TRUE,4.28014378136769
"mn_soc",2020-10-01,"igi",0.508204531969605,0.4666487482924,-0.0415557836772051,0.0415557836772051,0.00172688315702666,0.0279107081673764,FALSE,TRUE,0.188567331614857
"mn_soc",2020-10-01,"ci",1,0.991680634836055,-0.00831936516394516,0.00831936516394516,6.92118367310642e-05,0.00551489699798532,FALSE,TRUE,0.072689807061618
"mn_soc",2020-10-01,"gha",-3.97737747075211,-3.54600411675349,0.431373353998622,0.431373353998622,0.186082970540021,0.302615789554419,FALSE,FALSE,4.32080869866652
"mn_soc",2020-10-01,"exp",3.92,3.47399186984579,-0.446008130154206,0.446008130154206,0.198923252163651,0.387103512890954,FALSE,FALSE,1.24041120436097
"mn_soc",2020-10-01,"selic",3.20572866650617,3.24055506628175,0.0348263997755818,0.0348263997755818,0.00121287812132864,0.0209495515451696,TRUE,TRUE,4.28014378136769
"mn_soc",2020-11-01,"igi",0.479623500786908,0.516166964060777,0.0365434632738691,0.0365434632738691,0.00133542470804862,0.0248002773711219,FALSE,FALSE,0.188567331614857
"mn_soc",2020-11-01,"ci",0.993125,0.989472656552706,-0.00365234344729359,0.00365234344729359,1.33396126569884e-05,0.00214476448444929,TRUE,TRUE,0.072689807061618
"mn_soc",2020-11-01,"gha",-2.66405105592981,-2.89933717168602,-0.235286115756212,0.235286115756212,0.0553595562676454,0.142217910751114,TRUE,TRUE,4.32080869866652
"mn_soc",2020-11-01,"exp",4.11,4.09987273110418,-0.0101272688958156,0.0101272688958156,0.000102561575288154,0.0230343217119159,TRUE,TRUE,1.24041120436097
"mn_soc",2020-11-01,"selic",2.96925409394893,2.90032079950431,-0.0689332944446237,0.0689332944446237,0.00475179908298919,0.0497647021014958,FALSE,FALSE,4.28014378136769
"mn_soc",2020-12-01,"igi",0.402116942835389,0.479695319326451,0.077578376491062,0.077578376491062,0.00601840449898896,0.0666468140810028,FALSE,FALSE,0.188567331614857
"mn_soc",2020-12-01,"ci",0.99375,0.985679323890026,-0.0080706761099737,0.0080706761099737,6.51358128721001e-05,0.00573898829157122,FALSE,FALSE,0.072689807061618
"mn_soc",2020-12-01,"gha",-1.39309000932759,-1.72297149370274,-0.329881484375146,0.329881484375146,0.10882179373355,0.217093071887286,FALSE,TRUE,4.32080869866652
"mn_soc",2020-12-01,"exp",4.1,4.23161669582076,0.131616695820763,0.131616695820763,0.0173229546187752,0.0869192624776447,FALSE,TRUE,1.24041120436097
"mn_soc",2020-12-01,"selic",2.75381578210545,2.77646690875402,0.0226511266485661,0.0226511266485661,0.000513073538449379,0.0135395835517362,TRUE,TRUE,4.28014378136769
"mn_soc",2021-01-01,"igi",0.471310372606226,0.397560753033965,-0.0737496195722612,0.0737496195722612,0.00543900638705326,0.0627186466175442,FALSE,FALSE,0.188567331614857
"mn_soc",2021-01-01,"ci",1,0.988795487528626,-0.0112045124713737,0.0112045124713737,0.000125541099721168,0.0087056010216157,FALSE,FALSE,0.072689807061618
"mn_soc",2021-01-01,"gha",-1.2171126928148,-0.507342492558317,0.709770200256483,0.709770200256483,0.503773737172128,0.58198838303817,FALSE,FALSE,4.32080869866652
"mn_soc",2021-01-01,"exp",3.57,4.17778539906785,0.607785399067846,0.607785399067846,0.36940309132006,0.556269829534891,FALSE,FALSE,1.24041120436097
"mn_soc",2021-01-01,"selic",2.51837667441583,2.59273003653387,0.0743533621180377,0.0743533621180377,0.00552842245825604,0.057807633459954,FALSE,FALSE,4.28014378136769
"mn_soc",2021-02-01,"igi",0.336702550886205,0.449959823811711,0.113257272925506,0.113257272925506,0.0128272098705225,0.101315070078235,FALSE,FALSE,0.188567331614857
"mn_soc",2021-02-01,"ci",0.985230769230769,0.998285234966729,0.0130544657359605,0.0130544657359605,0.000170419075651366,0.0104138699379379,FALSE,FALSE,0.072689807061618
"mn_soc",2021-02-01,"gha",-1.041135376302,-1.28586077111416,-0.244725394812156,0.244725394812156,0.0598905188659655,0.148171056687804,FALSE,TRUE,4.32080869866652
"mn_soc",2021-02-01,"exp",3.99,3.5885004480442,-0.401499551955801,0.401499551955801,0.161201890220709,0.346897221374084,FALSE,FALSE,1.24041120436097
"mn_soc",2021-02-01,"selic",2.35482158150622,2.35086636764688,-0.00395521385933817,0.00395521385933817,1.56437166731007e-05,0.00754453664351141,TRUE,TRUE,4.28014378136769
"mn_soc",2021-03-01,"igi",0.437750125055564,0.36113275110614,-0.076617373949424,0.076617373949424,0.00587022199090588,0.0660400349209252,FALSE,FALSE,0.188567331614857
"mn_soc",2021-03-01,"ci",0.953846153846154,0.976130535357782,0.0222843815116283,0.0222843815116283,0.000496593659355799,0.0198779403202472,FALSE,FALSE,0.072689807061618
"mn_soc",2021-03-01,"gha",-0.882188122677541,-0.771458460543458,0.110729662134083,0.110729662134083,0.0122610580763282,0.0736542713216126,TRUE,TRUE,4.32080869866652
"mn_soc",2021-03-01,"exp",4.5,4.11543012919793,-0.384569870802074,0.384569870802074,0.147893985528724,0.333470284784775,FALSE,FALSE,1.24041120436097
"mn_soc",2021-03-01,"selic",2.21201038934546,2.22260332476241,0.0105929354169478,0.0105929354169478,0.000112210280747628,0.00800733790953,TRUE,TRUE,4.28014378136769
"mn_soc",2021-04-01,"igi",0.552744968025469,0.462800832831893,-0.0899441351935759,0.0899441351935759,0.00808994745572026,0.0796104771657683,FALSE,FALSE,0.188567331614857
"mn_soc",2021-04-01,"ci",0.978461538461538,0.942086384155334,-0.036375154306204,0.036375154306204,0.00132315185080015,0.0339401100745663,FALSE,FALSE,0.072689807061618
"mn_soc",2021-04-01,"gha",-1.22008660249197,-0.718551176643255,0.501535425848716,0.501535425848716,0.251537783381252,0.375170686893109,FALSE,FALSE,4.32080869866652
"mn_soc",2021-04-01,"exp",4.1,4.68716983955291,0.587169839552908,0.587169839552908,0.344768420480588,0.536004607780045,FALSE,FALSE,1.24041120436097
"mn_soc",2021-04-01,"selic",2.14066175824001,2.10336005494463,-0.0373017032953817,0.0373017032953817,0.00139141706873669,0.0240976499721032,FALSE,TRUE,4.28014378136769
"mn_soc",2021-05-01,"igi",0.544447961309629,0.520128535064966,-0.0243194262446625,0.0243194262446625,0.000591434492869581,0.0152897720581958,FALSE,TRUE,0.188567331614857
"mn_soc",2021-05-01,"ci",0.956923076923077,0.978657880568354,0.0217348036452766,0.0217348036452766,0.000472401689498728,0.0191790076369241,FALSE,FALSE,0.072689807061618
"mn_soc",2021-05-01,"gha",-1.54708513134464,-1.64828327847097,-0.101198147126326,0.101198147126326,0.0102410649818016,0.0720739749380745,TRUE,TRUE,4.32080869866652
"mn_soc",2021-05-01,"exp",4.45,4.08737877916411,-0.362621220835893,0.362621220835893,0.131494149800514,0.30866861672653,FALSE,FALSE,1.24041120436097
"mn_soc",2021-05-01,"selic",2.1712305915675,2.12196248786824,-0.0492681036992604,0.0492681036992604,0.00242734604212107,0.0340624248548405,FALSE,FALSE,4.28014378136769
"mn_soc",2021-06-01,"igi",0.542209655734563,0.557529084492704,0.0153194287581411,0.0153194287581411,0.00023468489747576,0.00912962263286075,TRUE,TRUE,0.188567331614857
"mn_soc",2021-06-01,"ci",0.955489230769231,0.949378851765341,-0.00611037900388955,0.00611037900388955,3.73367315711743e-05,0.00406745022451847,FALSE,TRUE,0.072689807061618
"mn_soc",2021-06-01,"gha",-1.88498361115906,-1.83277057974234,0.0522130314167244,0.0522130314167244,0.00272620064972385,0.0551811824029875,TRUE,TRUE,4.32080869866652
"mn_soc",2021-06-01,"exp",4.4733,4.54766994164602,0.0743699416460233,0.0743699416460233,0.00553088822043291,0.0444239872323106,TRUE,TRUE,1.24041120436097
"mn_soc",2021-06-01,"selic",2.27318771220573,2.22250929039584,-0.0506784218098941,0.0506784218098941,0.00256830243714155,0.0366035350905246,FALSE,FALSE,4.28014378136769
"mn_soc",2021-07-01,"igi",0.402314200210209,0.541571307935475,0.139257107725266,0.139257107725266,0.0193925420520063,0.130824828644356,FALSE,FALSE,0.188567331614857
"mn_soc",2021-07-01,"ci",0.930024615384615,0.952426831545421,0.0224022161608061,0.0224022161608061,0.00050185928891548,0.0202636563809627,FALSE,FALSE,0.072689807061618
"mn_soc",2021-07-01,"gha",-1.8415536508321,-2.20227316203772,-0.360719511205623,0.360719511205623,0.130118565764423,0.248284647814396,FALSE,FALSE,4.32080869866652
"mn_soc",2021-07-01,"exp",4.8871,4.49651474001003,-0.390585259989974,0.390585259989974,0.152556845321436,0.342908311449993,FALSE,FALSE,1.24041120436097
"mn_soc",2021-07-01,"selic",2.44672241538046,2.39547214894234,-0.0512502664381236,0.0512502664381236,0.00262658980997866,0.0383830137167481,FALSE,FALSE,4.28014378136769
"mn_soc",2021-08-01,"igi",0.449918725727574,0.439327702341028,-0.0105910233865459,0.0105910233865459,0.000112169776374362,0.00679348092208495,TRUE,TRUE,0.188567331614857
"mn_soc",2021-08-01,"ci",0.933852307692308,0.923490354080972,-0.0103619536113364,0.0103619536113364,0.000107370082643488,0.00776968525084572,FALSE,FALSE,0.072689807061618
"mn_soc",2021-08-01,"gha",-1.7966760251609,-1.71105150645966,0.0856245187012412,0.0856245187012412,0.00733155820281921,0.0671855155865169,TRUE,TRUE,4.32080869866652
"mn_soc",2021-08-01,"exp",4.8249,4.95822162972723,0.133321629727229,0.133321629727229,0.0177746569531244,0.0861357788303997,FALSE,TRUE,1.24041120436097
"mn_soc",2021-08-01,"selic",2.72288670304173,2.62123527754368,-0.101651425498054,0.101651425498054,0.0103330123057864,0.0849924629388786,FALSE,FALSE,4.28014378136769
"mn_soc",2021-09-01,"igi",0.443110450996762,0.461145612532983,0.018035161536221,0.018035161536221,0.000325267051637585,0.0111377976274489,FALSE,TRUE,0.188567331614857
"mn_soc",2021-09-01,"ci",0.901544615384615,0.932227449697469,0.0306828343128543,0.0306828343128543,0.000941436321470072,0.0284456705604065,FALSE,FALSE,0.072689807061618
"mn_soc",2021-09-01,"gha",-1.75179839948971,-1.75796555978677,-0.00616716029706166,0.00616716029706166,3.80338661296536e-05,0.0499688238280884,TRUE,TRUE,4.32080869866652
"mn_soc",2021-09-01,"exp",5.3499,4.82497411646393,-0.524925883536066,0.524925883536066,0.27554718320612,0.476875935199196,FALSE,FALSE,1.24041120436097
"mn_soc",2021-09-01,"selic",3.01005132241923,2.99141244969706,-0.0186388727221729,0.0186388727221729,0.000347407576353361,0.0109731214737445,TRUE,TRUE,4.28014378136769
"mn_soc",2021-10-01,"igi",0.500868201892054,0.48529857276677,-0.0155696291252837,0.0155696291252837,0.000242413351098883,0.00925757601589906,TRUE,TRUE,0.188567331614857
"mn_soc",2021-10-01,"ci",0.891993846153846,0.894685451962224,0.00269160580837813,0.00269160580837813,7.24474182769488e-06,0.00166985766816765,TRUE,TRUE,0.072689807061618
"mn_soc",2021-10-01,"gha",-1.65683334429431,-1.62597816046783,0.030855183826481,0.030855183826481,0.000952042368965935,0.0527709804769006,TRUE,TRUE,4.32080869866652
"mn_soc",2021-10-01,"exp",5.5051,5.43461356405765,-0.0704864359423505,0.0704864359423505,0.00496833765185508,0.041790844204172,TRUE,TRUE,1.24041120436097
"mn_soc",2021-10-01,"selic",3.34944146755098,3.28369766523476,-0.0657438023162209,0.0657438023162209,0.00432224754299433,0.0499516098976935,FALSE,FALSE,4.28014378136769
"mn_soc",2021-11-01,"igi",0.3862200699166,0.518834385359039,0.132614315442439,0.132614315442439,0.0175865566602668,0.12356375094777,FALSE,FALSE,0.188567331614857
"mn_soc",2021-11-01,"ci",0.868270769230769,0.890000818103871,0.021730048873102,0.021730048873102,0.000472195024027403,0.0194684075493478,FALSE,FALSE,0.072689807061618
"mn_soc",2021-11-01,"gha",-1.55870278725907,-1.61986335677827,-0.0611605695192008,0.0611605695192008,0.00374061526391299,0.0561519363076058,TRUE,TRUE,4.32080869866652
"mn_soc",2021-11-01,"exp",5.8906,5.51430312950659,-0.376296870493407,0.376296870493407,0.141599334743132,0.32706578379229,FALSE,FALSE,1.24041120436097
"mn_soc",2021-11-01,"selic",3.80349792532155,3.68313193424771,-0.12036599107384,0.12036599107384,0.0144879718071878,0.106590531938685,FALSE,FALSE,4.28014378136769
"mn_soc",2021-12-01,"igi",0.414873421116103,0.429928446287809,0.0150550251717061,0.0150550251717061,0.000226653782920704,0.0090347069279477,TRUE,TRUE,0.188567331614857
"mn_soc",2021-12-01,"ci",0.908769230769231,0.865648280153291,-0.0431209506159401,0.0431209506159401,0.00185941638202235,0.0404327615522915,FALSE,FALSE,0.072689807061618
"mn_soc",2021-12-01,"gha",-1.46373773206367,-1.40344836788155,0.0602893641821238,0.0602893641821238,0.00363480743348476,0.0584876131391819,TRUE,TRUE,4.32080869866652
"mn_soc",2021-12-01,"exp",5.2325,5.89458705205853,0.66208705205853,0.66208705205853,0.438359264503555,0.607999494622758,FALSE,FALSE,1.24041120436097
"mn_soc",2021-12-01,"selic",4.43568775893224,4.23786470546687,-0.197823053465371,0.197823053465371,0.0391339604823632,0.180526069950308,FALSE,FALSE,4.28014378136769
"mn_soc",2022-01-01,"igi",0.487096882890473,0.405276557469815,-0.0818203254206585,0.0818203254206585,0.00669456565194245,0.0689661202680142,FALSE,FALSE,0.188567331614857
"mn_soc",2022-01-01,"ci",0.884963636363636,0.916060326281098,0.0310966899174617,0.0310966899174617,0.000967004123822766,0.0280350320054944,FALSE,FALSE,0.072689807061618
"mn_soc",2022-01-01,"gha",-0.373564815680839,-1.45328726389276,-1.07972244821192,1.07972244821192,1.16580056517275,0.951422445948018,FALSE,FALSE,4.32080869866652
"mn_soc",2022-01-01,"exp",5.3981,5.07565461260269,-0.322445387397311,0.322445387397311,0.103971027853802,0.26291474509715,FALSE,FALSE,1.24041120436097
"mn_soc",2022-01-01,"selic",5.04050751829499,5.03047689861442,-0.0100306196805651,0.0100306196805651,0.000100613331176139,0.00876824766215173,TRUE,TRUE,4.28014378136769
"mn_soc",2022-02-01,"igi",0.510730827213576,0.511872774564646,0.00114194735106965,0.00114194735106965,1.30404375261499e-06,0.00508844320171641,TRUE,TRUE,0.188567331614857
"mn_soc",2022-02-01,"ci",0.881327272727273,0.882479023462226,0.00115175073495255,0.00115175073495255,1.32652975546374e-06,0.0013212216485937,TRUE,TRUE,0.072689807061618
"mn_soc",2022-02-01,"gha",0.716608100701991,0.326938138310773,-0.389669962391218,0.389669962391218,0.151842679589973,0.271744341747244,FALSE,FALSE,4.32080869866652
"mn_soc",2022-02-01,"exp",5.4581,5.40250035294377,-0.0555996470562325,0.0555996470562325,0.00309132075277763,0.0356925101376818,TRUE,TRUE,1.24041120436097
"mn_soc",2022-02-01,"selic",5.70140355081796,5.60020819898277,-0.101195351835194,0.101195351835194,0.0102404992330488,0.0834646889052078,FALSE,FALSE,4.28014378136769
"mn_soc",2022-03-01,"igi",0.430701909770818,0.519826455551049,0.0891245457802312,0.0891245457802312,0.00794318466053253,0.0773758606808524,FALSE,FALSE,0.188567331614857
"mn_soc",2022-03-01,"ci",0.832193939393939,0.882340979692234,0.0501470402982945,0.0501470402982945,0.00251472565067878,0.0473207310212689,FALSE,FALSE,0.072689807061618
"mn_soc",2022-03-01,"gha",1.70128041227358,1.33830045919324,-0.362979953080339,0.362979953080339,0.131754446338205,0.247600683755015,FALSE,TRUE,4.32080869866652
"mn_soc",2022-03-01,"exp",6.2688,5.40100715249496,-0.867792847505036,0.867792847505036,0.7530644261809,0.811249431414111,FALSE,FALSE,1.24041120436097
"mn_soc",2022-03-01,"selic",6.47148363656744,6.32164776155509,-0.14983587501235,0.14983587501235,0.0224507894407166,0.132374796554487,FALSE,FALSE,4.28014378136769
"mn_soc",2022-04-01,"igi",0.404327274470482,0.48180404357633,0.0774767691058482,0.0774767691058482,0.00600264975108091,0.0617318699877673,FALSE,FALSE,0.188567331614857
"mn_soc",2022-04-01,"ci",0.848048484848485,0.827603538879724,-0.0204449459687615,0.0204449459687615,0.000417995815665575,0.0167712137029518,FALSE,FALSE,0.072689807061618
"mn_soc",2022-04-01,"gha",5.1829028141662,2.35400856534376,-2.82889424882244,2.82889424882244,8.00264267102066,2.68639676236385,FALSE,FALSE,4.32080869866652
"mn_soc",2022-04-01,"exp",6.0072,6.30597721136683,0.298777211366826,0.298777211366826,0.0892678220321368,0.23001855757013,FALSE,FALSE,1.24041120436097
"mn_soc",2022-04-01,"selic",7.13022348143995,7.19519124593378,0.0649677644938311,0.0649677644938311,0.0042208104233259,0.0437904147021284,FALSE,FALSE,4.28014378136769
"mn_soc",2022-05-01,"igi",0.384757000306539,0.379867639540626,-0.00488936076591284,0.00488936076591284,2.39058486992478e-05,0.00836782359568404,TRUE,TRUE,0.188567331614857
"mn_soc",2022-05-01,"ci",0.83689696969697,0.852596694205628,0.015699724508658,0.015699724508658,0.000246481349647756,0.0112970322264096,FALSE,FALSE,0.072689807061618
"mn_soc",2022-05-01,"gha",8.55221481599778,7.41911352872811,-1.13310128726968,1.13310128726968,1.2839185272122,0.963857897918179,FALSE,FALSE,4.32080869866652
"mn_soc",2022-05-01,"exp",6.1912,5.89896036403745,-0.292239635962546,0.292239635962546,0.0854040048275215,0.213665190685356,FALSE,FALSE,1.24041120436097
"mn_soc",2022-05-01,"selic",0.730467938213913,7.79227522772464,7.06180728951072,7.06180728951072,49.8691221941868,7.03403928563731,FALSE,FALSE,4.28014378136769
"mn_soc",2022-06-01,"igi",0.403715921101033,0.210887793990375,-0.192828127110658,0.192828127110658,0.037182686605004,0.125510167877033,FALSE,TRUE,0.188567331614857
"mn_soc",2022-06-01,"ci",1,0.840894056618237,-0.159105943381763,0.159105943381763,0.0253147012194008,0.142948925608594,FALSE,FALSE,0.072689807061618
"mn_soc",2022-06-01,"gha",12.0338372178904,8.92837076800766,-3.10546644988274,3.10546644988274,9.6439218713473,2.63146133769449,FALSE,FALSE,4.32080869866652
"mn_soc",2022-06-01,"exp",3.6974,6.46304452547969,2.76564452547969,2.76564452547969,7.64878964131576,2.4934145507626,FALSE,FALSE,1.24041120436097
"mn_soc",2022-06-01,"selic",0.828530953234968,-3.64795530964256,-4.47648626287753,4.47648626287753,20.0389292617312,4.01876912201655,FALSE,FALSE,4.28014378136769
"mn_sur",2019-07-01,"igi",0.336518716202664,0.31160119160305,-0.0249175245996142,0.0249175245996142,0.000620883032172377,0.0166136240451963,FALSE,TRUE,0.188567331614857
"mn_sur",2019-07-01,"ci",1,0.998364672898632,-0.00163532710136849,0.00163532710136849,2.67429472847026e-06,0.00127112617982481,TRUE,TRUE,0.072689807061618
"mn_sur",2019-07-01,"gha",-0.233134769467566,-0.0584186078555276,0.174716161612038,0.174716161612038,0.0305257371284439,0.110019086577213,FALSE,TRUE,4.32080869866652
"mn_sur",2019-07-01,"exp",3.65,3.56211256755029,-0.0878874324497132,0.0878874324497132,0.0077242007826029,0.0526252598421626,FALSE,TRUE,1.24041120436097
"mn_sur",2019-07-01,"selic",6.33684441173752,6.23803276780019,-0.0988116439373341,0.0988116439373341,0.0097637409775985,0.0820901080688919,FALSE,FALSE,4.28014378136769
"mn_sur",2019-08-01,"igi",0.297825361058368,0.343525263592405,0.0456999025340374,0.0456999025340374,0.00208848109162052,0.0366127626403778,FALSE,FALSE,0.188567331614857
"mn_sur",2019-08-01,"ci",1,0.99503377766357,-0.00496622233642985,0.00496622233642985,2.46633642948547e-05,0.00306833608013624,FALSE,TRUE,0.072689807061618
"mn_sur",2019-08-01,"gha",-0.384946636272569,-0.281969636958786,0.102976999313783,0.102976999313783,0.0106042623876709,0.0620038367729606,TRUE,TRUE,4.32080869866652
"mn_sur",2019-08-01,"exp",3.49,3.74680081029927,0.256800810299274,0.256800810299274,0.0659466561703635,0.209029220392446,FALSE,FALSE,1.24041120436097
"mn_sur",2019-08-01,"selic",6.26283049994651,6.32691533770464,0.064084837758128,0.064084837758128,0.00410686643048559,0.0483517295164946,FALSE,FALSE,4.28014378136769
"mn_sur",2019-09-01,"igi",0.34572392334498,0.29693162011971,-0.0487923032252702,0.0487923032252702,0.00238068885402672,0.040152678109073,FALSE,FALSE,0.188567331614857
"mn_sur",2019-09-01,"ci",1,0.998967933312632,-0.00103206668736822,0.00103206668736822,1.0651616471752e-06,0.00111492574060521,TRUE,TRUE,0.072689807061618
"mn_sur",2019-09-01,"gha",-0.536758503077572,-0.424739775976782,0.11201872710079,0.11201872710079,0.0125481952212812,0.0674637472253284,TRUE,TRUE,4.32080869866652
"mn_sur",2019-09-01,"exp",3.34,3.54249139347277,0.202491393472765,0.202491393472765,0.0410027644305422,0.154028038926468,FALSE,FALSE,1.24041120436097
"mn_sur",2019-09-01,"selic",6.25225392679034,6.18425361970678,-0.0680003070835635,0.0680003070835635,0.00462404176345894,0.051702974972228,FALSE,FALSE,4.28014378136769
"mn_sur",2019-10-01,"igi",0.760918870404394,0.337962245710546,-0.422956624693848,0.422956624693848,0.178892306372412,0.413622664294807,FALSE,FALSE,0.188567331614857
"mn_sur",2019-10-01,"ci",1,0.999005469804027,-0.000994530195973176,0.000994530195973176,9.89090310702443e-07,0.00111993914984472,TRUE,TRUE,0.072689807061618
"mn_sur",2019-10-01,"gha",-0.451727754964882,-0.584232501503223,-0.132504746538341,0.132504746538341,0.0175575078551901,0.0803611535383553,TRUE,TRUE,4.32080869866652
"mn_sur",2019-10-01,"exp",3.37,3.38010622236958,0.0101062223695791,0.0101062223695791,0.000102135730583382,0.0206553016432543,TRUE,TRUE,1.24041120436097
"mn_sur",2019-10-01,"selic",6.18884498273218,6.21238896273077,0.0235439799985908,0.0235439799985908,0.000554318994174044,0.0139091418348871,TRUE,TRUE,4.28014378136769
"mn_sur",2019-11-01,"igi",1,0.704901833475668,-0.295098166524332,0.295098166524332,0.0870829278860226,0.276171485936364,FALSE,FALSE,0.188567331614857
"mn_sur",2019-11-01,"ci",1,0.995164866234085,-0.00483513376591527,0.00483513376591527,2.3378518534294e-05,0.002957924747045,TRUE,TRUE,0.072689807061618
"mn_sur",2019-11-01,"gha",-0.363862648581769,-0.645641266306282,-0.281778617724513,0.281778617724513,0.0793991894067371,0.189306646765066,FALSE,TRUE,4.32080869866652
"mn_sur",2019-11-01,"exp",3.81,3.46618992709451,-0.343810072905492,0.343810072905492,0.11820536623128,0.276756135610759,FALSE,FALSE,1.24041120436097
"mn_sur",2019-11-01,"selic",6.07260682024735,6.11430521450843,0.0416983942610765,0.0416983942610765,0.00173875608395217,0.0243409800431957,TRUE,TRUE,4.28014378136769
"mn_sur",2019-12-01,"igi",0.981329524820544,0.961752911574464,-0.0195766132460805,0.0195766132460805,0.000383243786186615,0.0124292614188738,TRUE,TRUE,0.188567331614857
"mn_sur",2019-12-01,"ci",1,0.992031491491074,-0.00796850850892583,0.00796850850892583,6.34971278568234e-05,0.00489645272867859,FALSE,TRUE,0.072689807061618
"mn_sur",2019-12-01,"gha",-0.278831900469079,-0.80683098375517,-0.527999083286091,0.527999083286091,0.278783031950952,0.424977769935961,FALSE,FALSE,4.32080869866652
"mn_sur",2019-12-01,"exp",4.1,4.03186534573992,-0.0681346542600778,0.0681346542600778,0.00464233111114034,0.0429613659888603,TRUE,TRUE,1.24041120436097
"mn_sur",2019-12-01,"selic",5.9459403577294,6.00506500624011,0.0591246485107062,0.0591246485107062,0.00349572406151455,0.0368934148530174,FALSE,TRUE,4.28014378136769
"mn_sur",2020-01-01,"igi",0.718596176759615,0.928374163766598,0.209777987006983,0.209777987006983,0.044006803832702,0.190901450592471,FALSE,FALSE,0.188567331614857
"mn_sur",2020-01-01,"ci",1,0.994372954110393,-0.00562704588960716,0.00562704588960716,3.16636454437449e-05,0.00335893410186261,TRUE,TRUE,0.072689807061618
"mn_sur",2020-01-01,"gha",-1.14220082511388,-0.730632164943779,0.411568660170101,0.411568660170101,0.169388762034212,0.309180118037868,FALSE,FALSE,4.32080869866652
"mn_sur",2020-01-01,"exp",3.44,4.29086427620245,0.850864276202452,0.850864276202452,0.723970016517523,0.779071212157818,FALSE,FALSE,1.24041120436097
"mn_sur",2020-01-01,"selic",5.77733730961685,5.91817559412791,0.14083828451106,0.14083828451106,0.0198354223840182,0.112485249862626,FALSE,FALSE,4.28014378136769
"mn_sur",2020-02-01,"igi",0.696348024674756,0.638649001192309,-0.0576990234824473,0.0576990234824473,0.003329177310828,0.039411301867108,FALSE,TRUE,0.188567331614857
"mn_sur",2020-02-01,"ci",1,1.00677033342236,0.00677033342236077,0.00677033342236077,4.58374146499354e-05,0.00401112770945926,TRUE,TRUE,0.072689807061618
"mn_sur",2020-02-01,"gha",-2.00556974975868,-2.12134734362589,-0.115777593867207,0.115777593867207,0.01340445124168,0.0723328958778304,TRUE,TRUE,4.32080869866652
"mn_sur",2020-02-01,"exp",3.46,3.36374121360435,-0.0962587863956519,0.0962587863956519,0.00926575395836374,0.0585418500642502,TRUE,TRUE,1.24041120436097
"mn_sur",2020-02-01,"selic",5.56681419824334,5.73433263099982,0.167518432756483,0.167518432756483,0.0280624253131884,0.135936991129003,FALSE,FALSE,4.28014378136769
"mn_sur",2020-03-01,"igi",0.744792120162424,0.667598568424806,-0.0771935517376179,0.0771935517376179,0.00595884442986829,0.063904595098419,FALSE,FALSE,0.188567331614857
"mn_sur",2020-03-01,"ci",1,1.00003015549573,3.01554957333749e-05,3.01554957333749e-05,9.09353922925595e-10,0.00117362214808943,TRUE,TRUE,0.072689807061618
"mn_sur",2020-03-01,"gha",-2.81323745345866,-2.81262063848898,0.000616814969676138,0.000616814969676138,3.80460706816575e-07,0.0346412898618593,TRUE,TRUE,4.32080869866652
"mn_sur",2020-03-01,"exp",3.13,3.51522213238495,0.385222132384949,0.385222132384949,0.148396091279207,0.329473106462532,FALSE,FALSE,1.24041120436097
"mn_sur",2020-03-01,"selic",5.43021933563987,5.3927376702414,-0.0374816653984711,0.0374816653984711,0.00140487524104294,0.0227107434644708,FALSE,TRUE,4.28014378136769
"mn_sur",2020-04-01,"igi",0.614336108827054,0.714664721707942,0.100328612880888,0.100328612880888,0.010065830562603,0.0868052587852999,FALSE,FALSE,0.188567331614857
"mn_sur",2020-04-01,"ci",1,1.00321046788528,0.00321046788528023,0.00321046788528023,1.03071040424157e-05,0.00198580222068453,TRUE,TRUE,0.072689807061618
"mn_sur",2020-04-01,"gha",-5.70238718279039,-3.55701557978407,2.14537160300632,2.14537160300632,4.6026193149859,2.05777047178092,FALSE,FALSE,4.32080869866652
"mn_sur",2020-04-01,"exp",2.5,3.1243750675979,0.624375067597901,0.624375067597901,0.389844225037883,0.566760266088244,FALSE,FALSE,1.24041120436097
"mn_sur",2020-04-01,"selic",5.17849577176646,5.31885842835102,0.140362656584559,0.140362656584559,0.0197016753634748,0.119446238147417,FALSE,FALSE,4.28014378136769
"mn_sur",2020-05-01,"igi",0.697980641983104,0.590708399282169,-0.107272242700935,0.107272242700935,0.0115073340540883,0.0838627660829669,FALSE,FALSE,0.188567331614857
"mn_sur",2020-05-01,"ci",1,1.01118702559375,0.0111870255937538,0.0111870255937538,0.000125149541635303,0.00702601473212734,FALSE,TRUE,0.072689807061618
"mn_sur",2020-05-01,"gha",-8.49833853375657,-7.91891823037559,0.579420303380975,0.579420303380975,0.335727887970101,0.444345817367057,FALSE,FALSE,4.32080869866652
"mn_sur",2020-05-01,"exp",2.67,2.33950825628973,-0.330491743710273,0.330491743710273,0.109224792660657,0.245605223134146,FALSE,FALSE,1.24041120436097
"mn_sur",2020-05-01,"selic",4.86465502448645,4.94677839657283,0.0821233720863797,0.0821233720863797,0.00674424824283796,0.0523763696271962,FALSE,TRUE,4.28014378136769
"mn_sur",2020-06-01,"igi",0.618410053019843,0.730292710569389,0.111882657549546,0.111882657549546,0.0125177290603489,0.0891875242453991,FALSE,FALSE,0.188567331614857
"mn_sur",2020-06-01,"ci",1,1.00271659511243,0.00271659511242572,0.00271659511242572,7.37988900485533e-06,0.00227238979058445,TRUE,TRUE,0.072689807061618
"mn_sur",2020-06-01,"gha",-11.3874882630883,-10.5861364434609,0.801351819627374,0.801351819627374,0.642164738820104,0.66877189361337,FALSE,FALSE,4.32080869866652
"mn_sur",2020-06-01,"exp",3.22,2.69760477772098,-0.522395222279024,0.522395222279024,0.272896768259951,0.439954206655186,FALSE,FALSE,1.24041120436097
"mn_sur",2020-06-01,"selic",4.59328237288532,4.49408351812028,-0.0991988547650378,0.0991988547650378,0.00984041278669505,0.0670622231310232,FALSE,TRUE,4.28014378136769
"mn_sur",2020-07-01,"igi",0.644312255357632,0.656430780448017,0.0121185250903848,0.0121185250903848,0.000146858650366286,0.0106274491562463,TRUE,TRUE,0.188567331614857
"mn_sur",2020-07-01,"ci",1,0.997274654833018,-0.00272534516698197,0.00272534516698197,7.427506279192e-06,0.00223851993249903,TRUE,TRUE,0.072689807061618
"mn_sur",2020-07-01,"gha",-9.3855916068707,-13.4872556197606,-4.1016640128899,4.1016640128899,16.823647674636,3.97220365380645,FALSE,FALSE,4.32080869866652
"mn_sur",2020-07-01,"exp",3.2,3.36405551366722,0.164055513667221,0.164055513667221,0.0269142115646159,0.100909588529241,FALSE,TRUE,1.24041120436097
"mn_sur",2020-07-01,"selic",4.19808055025734,4.2704410445751,0.0723604943177563,0.0723604943177563,0.00523604113791004,0.0454292602611288,FALSE,TRUE,4.28014378136769
"mn_sur",2020-08-01,"igi",0.50902807123662,0.669231035560788,0.160202964324168,0.160202964324168,0.0256649897782507,0.142086226134636,FALSE,FALSE,0.188567331614857
"mn_sur",2020-08-01,"ci",1,0.997545860953766,-0.00245413904623393,0.00245413904623393,6.02279845824997e-06,0.00190719750183074,TRUE,TRUE,0.072689807061618
"mn_sur",2020-08-01,"gha",-7.31696506211252,-7.87610894508035,-0.559143882967827,0.559143882967827,0.312641881860339,0.405939711377459,FALSE,FALSE,4.32080869866652
"mn_sur",2020-08-01,"exp",3.14,3.26485133760289,0.124851337602895,0.124851337602895,0.015587856501232,0.0765782335119809,FALSE,TRUE,1.24041120436097
"mn_sur",2020-08-01,"selic",3.84556963098286,3.79140124747501,-0.054168383507847,0.054168383507847,0.00293421377185319,0.0332948333081962,FALSE,TRUE,4.28014378136769
"mn_sur",2020-09-01,"igi",0.460566696696968,0.525867164354234,0.0653004676572655,0.0653004676572655,0.00426415107625758,0.0477371040261274,FALSE,FALSE,0.188567331614857
"mn_sur",2020-09-01,"ci",1,0.999105895418729,-0.000894104581270594,0.000894104581270594,7.99423002249064e-07,0.00160649001477642,TRUE,TRUE,0.072689807061618
"mn_sur",2020-09-01,"gha",-5.24833851735433,-5.70970763295895,-0.46136911560462,0.46136911560462,0.21286146083379,0.319806226895362,FALSE,TRUE,4.32080869866652
"mn_sur",2020-09-01,"exp",3.37,3.16440493029742,-0.205595069702585,0.205595069702585,0.0422693326860107,0.140987819670018,FALSE,TRUE,1.24041120436097
"mn_sur",2020-09-01,"selic",3.53545942901896,3.49592824487729,-0.0395311841416657,0.0395311841416657,0.00156271451964228,0.0238605589811843,TRUE,TRUE,4.28014378136769
"mn_sur",2020-10-01,"igi",0.508204531969605,0.478907417009591,-0.0292971149600143,0.0292971149600143,0.000858320944980294,0.0178084955464555,FALSE,TRUE,0.188567331614857
"mn_sur",2020-10-01,"ci",1,0.995388820905676,-0.0046111790943244,0.0046111790943244,2.12629726399344e-05,0.00274472460927027,TRUE,TRUE,0.072689807061618
"mn_sur",2020-10-01,"gha",-3.97737747075211,-3.56599363098044,0.411383839771665,0.411383839771665,0.169236663625279,0.279047378149106,FALSE,TRUE,4.32080869866652
"mn_sur",2020-10-01,"exp",3.92,3.4755810411008,-0.444418958899203,0.444418958899203,0.197508211029052,0.379824388580066,FALSE,FALSE,1.24041120436097
"mn_sur",2020-10-01,"selic",3.20572866650617,3.22331314949867,0.0175844829925036,0.0175844829925036,0.000309214042113648,0.0126432252051887,TRUE,TRUE,4.28014378136769
"mn_sur",2020-11-01,"igi",0.479623500786908,0.523144885676437,0.0435213848895288,0.0435213848895288,0.0018941109427025,0.031648510611292,FALSE,FALSE,0.188567331614857
"mn_sur",2020-11-01,"ci",0.993125,0.990451299253226,-0.00267370074677442,0.00267370074677442,7.1486756833021e-06,0.00176814173233379,TRUE,TRUE,0.072689807061618
"mn_sur",2020-11-01,"gha",-2.66405105592981,-2.93056706870533,-0.266516012775523,0.266516012775523,0.0710307850657628,0.161612861153116,FALSE,TRUE,4.32080869866652
"mn_sur",2020-11-01,"exp",4.11,4.10732751580171,-0.00267248419828636,0.00267248419828636,7.1421717900903e-06,0.0237369505812273,TRUE,TRUE,1.24041120436097
"mn_sur",2020-11-01,"selic",2.96925409394893,2.90222147742904,-0.0670326165198873,0.0670326165198873,0.00449337167750227,0.0488336387292094,FALSE,FALSE,4.28014378136769
"mn_sur",2020-12-01,"igi",0.402116942835389,0.480643414748952,0.0785264719135625,0.0785264719135625,0.00616640679119152,0.0673455710923275,FALSE,FALSE,0.188567331614857
"mn_sur",2020-12-01,"ci",0.99375,0.984531152071579,-0.00921884792842143,0.00921884792842143,8.498715712736e-05,0.00672621763174146,FALSE,FALSE,0.072689807061618
"mn_sur",2020-12-01,"gha",-1.39309000932759,-1.73530495059437,-0.342214941266777,0.342214941266777,0.117111066026223,0.22490935758933,FALSE,TRUE,4.32080869866652
"mn_sur",2020-12-01,"exp",4.1,4.23930972761576,0.139309727615759,0.139309727615759,0.0194072002083769,0.0928661437095578,FALSE,TRUE,1.24041120436097
"mn_sur",2020-12-01,"selic",2.75381578210545,2.79007284852139,0.0362570664159412,0.0362570664159412,0.00131457486508997,0.0224125168541338,FALSE,TRUE,4.28014378136769
"mn_sur",2021-01-01,"igi",0.471310372606226,0.397240186419581,-0.0740701861866448,0.0740701861866448,0.00548639248172423,0.0627879289227199,FALSE,FALSE,0.188567331614857
"mn_sur",2021-01-01,"ci",1,0.987404706991432,-0.0125952930085684,0.0125952930085684,0.000158641405971693,0.0100400611436098,FALSE,FALSE,0.072689807061618
"mn_sur",2021-01-01,"gha",-1.2171126928148,-0.522629704998689,0.694482987816111,0.694482987816111,0.482306620365993,0.563256695849604,FALSE,FALSE,4.32080869866652
"mn_sur",2021-01-01,"exp",3.57,4.18613179689555,0.616131796895552,0.616131796895552,0.379618391145742,0.563071331281758,FALSE,FALSE,1.24041120436097
"mn_sur",2021-01-01,"selic",2.51837667441583,2.60712364107196,0.0887469666561311,0.0887469666561311,0.00787602409066445,0.0717751490362493,FALSE,FALSE,4.28014378136769
"mn_sur",2021-02-01,"igi",0.336702550886205,0.450392953797168,0.113690402910963,0.113690402910963,0.0129255077140572,0.102117928604011,FALSE,FALSE,0.188567331614857
"mn_sur",2021-02-01,"ci",0.985230769230769,0.998329484417798,0.0130987151870287,0.0130987151870287,0.000171576339550895,0.0105074532352846,FALSE,FALSE,0.072689807061618
"mn_sur",2021-02-01,"gha",-1.041135376302,-1.27248983595672,-0.231354459654719,0.231354459654719,0.0535248860021269,0.137484831614123,TRUE,TRUE,4.32080869866652
"mn_sur",2021-02-01,"exp",3.99,3.58410294057315,-0.405897059426851,0.405897059426851,0.164752422851364,0.351316044704249,FALSE,FALSE,1.24041120436097
"mn_sur",2021-02-01,"selic",2.35482158150622,2.36073216205408,0.00591058054786364,0.00591058054786364,3.49349624127841e-05,0.00794517290131204,TRUE,TRUE,4.28014378136769
"mn_sur",2021-03-01,"igi",0.437750125055564,0.367051867094057,-0.0706982579615074,0.0706982579615074,0.00499824367879184,0.0601400368837033,FALSE,FALSE,0.188567331614857
"mn_sur",2021-03-01,"ci",0.953846153846154,0.978154552779083,0.024308398932929,0.024308398932929,0.000590898258682425,0.0218567094294821,FALSE,FALSE,0.072689807061618
"mn_sur",2021-03-01,"gha",-0.882188122677541,-0.766830468638941,0.1153576540386,0.1153576540386,0.0133073883452892,0.0764567271348471,TRUE,TRUE,4.32080869866652
"mn_sur",2021-03-01,"exp",4.5,4.11769559457445,-0.38230440542555,0.38230440542555,0.146156658407783,0.329552470383265,FALSE,FALSE,1.24041120436097
"mn_sur",2021-03-01,"selic",2.21201038934546,2.21795963016249,0.00594924081702519,0.00594924081702519,3.53934662989586e-05,0.00751361264607073,TRUE,TRUE,4.28014378136769
"mn_sur",2021-04-01,"igi",0.552744968025469,0.467415825874457,-0.0853291421510119,0.0853291421510119,0.0072810625002276,0.0750368018013205,FALSE,FALSE,0.188567331614857
"mn_sur",2021-04-01,"ci",0.978461538461538,0.944544045408271,-0.033917493053267,0.033917493053267,0.00115039633501841,0.0315496473978167,FALSE,FALSE,0.072689807061618
"mn_sur",2021-04-01,"gha",-1.22008660249197,-0.704398499995229,0.515688102496741,0.515688102496741,0.26593421905669,0.38898638513985,FALSE,FALSE,4.32080869866652
"mn_sur",2021-04-01,"exp",4.1,4.67672772044236,0.576727720442356,0.576727720442356,0.332614863526637,0.525920623192363,FALSE,FALSE,1.24041120436097
"mn_sur",2021-04-01,"selic",2.14066175824001,2.10262539458097,-0.0380363636590353,0.0380363636590353,0.00144676496040238,0.0243369875454409,FALSE,TRUE,4.28014378136769
"mn_sur",2021-05-01,"igi",0.544447961309629,0.523933145389951,-0.0205148159196785,0.0205148159196785,0.000420857672218295,0.0125230559842081,FALSE,TRUE,0.188567331614857
"mn_sur",2021-05-01,"ci",0.956923076923077,0.977711643413151,0.0207885664900743,0.0207885664900743,0.000432164496712241,0.0182459286128191,FALSE,FALSE,0.072689807061618
"mn_sur",2021-05-01,"gha",-1.54708513134464,-1.65047733623167,-0.103392204887032,0.103392204887032,0.0106899480314019,0.0717500522695914,TRUE,TRUE,4.32080869866652
"mn_sur",2021-05-01,"exp",4.45,4.09588873305686,-0.35411126694314,0.35411126694314,0.125394789376076,0.300471300855268,FALSE,FALSE,1.24041120436097
"mn_sur",2021-05-01,"selic",2.1712305915675,2.13507389345789,-0.0361566981096133,0.0361566981096133,0.00130730681818971,0.0224616976436886,FALSE,TRUE,4.28014378136769
"mn_sur",2021-06-01,"igi",0.542209655734563,0.559418297282611,0.0172086415480477,0.0172086415480477,0.000296137343929193,0.0103277804420598,FALSE,TRUE,0.188567331614857
"mn_sur",2021-06-01,"ci",0.955489230769231,0.950605668418027,-0.00488356235120435,0.00488356235120435,2.38491812381006e-05,0.00306313244727207,FALSE,TRUE,0.072689807061618
"mn_sur",2021-06-01,"gha",-1.88498361115906,-1.83885648698252,0.0461271241765433,0.0461271241765433,0.00212771158479825,0.0579518656198351,TRUE,TRUE,4.32080869866652
"mn_sur",2021-06-01,"exp",4.4733,4.54321263862627,0.069912638626267,0.069912638626267,0.00488777703968699,0.0415311613374183,TRUE,TRUE,1.24041120436097
"mn_sur",2021-06-01,"selic",2.27318771220573,2.22183838379777,-0.0513493284079583,0.0513493284079583,0.00263675352794835,0.0367397516605864,FALSE,FALSE,4.28014378136769
"mn_sur",2021-07-01,"igi",0.402314200210209,0.544645609569754,0.142331409359545,0.142331409359545,0.0202582300902744,0.133545048344125,FALSE,FALSE,0.188567331614857
"mn_sur",2021-07-01,"ci",0.930024615384615,0.952292324020678,0.0222677086360633,0.0222677086360633,0.000495850847900608,0.0200284141501546,FALSE,FALSE,0.072689807061618
"mn_sur",2021-07-01,"gha",-1.8415536508321,-2.20526493246237,-0.363711281630275,0.363711281630275,0.132285896385137,0.247745929314209,FALSE,FALSE,4.32080869866652
"mn_sur",2021-07-01,"exp",4.8871,4.5037475444224,-0.383352455577596,0.383352455577596,0.146959105197373,0.332946342271507,FALSE,FALSE,1.24041120436097
"mn_sur",2021-07-01,"selic",2.44672241538046,2.39884655177513,-0.0478758636053267,0.0478758636053267,0.00229209831595585,0.0344716531408988,FALSE,FALSE,4.28014378136769
"mn_sur",2021-08-01,"igi",0.449918725727574,0.442567605493196,-0.00735112023437839,0.00735112023437839,5.40389687002875e-05,0.0056984429432517,TRUE,TRUE,0.188567331614857
"mn_sur",2021-08-01,"ci",0.933852307692308,0.925343104736404,-0.00850920295590374,0.00850920295590374,7.24065349447609e-05,0.00600987278278296,FALSE,FALSE,0.072689807061618
"mn_sur",2021-08-01,"gha",-1.7966760251609,-1.71720332418238,0.0794727009785219,0.0794727009785219,0.00631591020082155,0.0647266897798601,TRUE,TRUE,4.32080869866652
"mn_sur",2021-08-01,"exp",4.8249,4.95377258551331,0.128872585513307,0.128872585513307,0.0166081432968848,0.0824592544003707,FALSE,TRUE,1.24041120436097
"mn_sur",2021-08-01,"selic",2.72288670304173,2.61567945299682,-0.107207250044911,0.107207250044911,0.011493394462192,0.090517094425868,FALSE,FALSE,4.28014378136769
"mn_sur",2021-09-01,"igi",0.443110450996762,0.464527590980431,0.0214171399836687,0.0214171399836687,0.000458693885080062,0.0136371918484613,FALSE,TRUE,0.188567331614857
"mn_sur",2021-09-01,"ci",0.901544615384615,0.932471418219831,0.030926802835216,0.030926802835216,0.000956467133608323,0.0285831214957959,FALSE,FALSE,0.072689807061618
"mn_sur",2021-09-01,"gha",-1.75179839948971,-1.75521132291359,-0.00341292342387511,0.00341292342387511,1.16480462972354e-05,0.0517876596026986,TRUE,TRUE,4.32080869866652
"mn_sur",2021-09-01,"exp",5.3499,4.82547877936954,-0.524421220630463,0.524421220630463,0.275017616647545,0.473160907828623,FALSE,FALSE,1.24041120436097
"mn_sur",2021-09-01,"selic",3.01005132241923,2.99163752067679,-0.0184138017424371,0.0184138017424371,0.00033906809460978,0.0112153436388434,TRUE,TRUE,4.28014378136769
"mn_sur",2021-10-01,"igi",0.500868201892054,0.489984504793428,-0.0108836970986256,0.0108836970986256,0.000118454862534632,0.00690429274524678,TRUE,TRUE,0.188567331614857
"mn_sur",2021-10-01,"ci",0.891993846153846,0.89727906886352,0.0052852227096738,0.0052852227096738,2.79335790908516e-05,0.00330550272193116,FALSE,TRUE,0.072689807061618
"mn_sur",2021-10-01,"gha",-1.65683334429431,-1.63841993835859,0.0184134059357159,0.0184134059357159,0.000339053518153459,0.0524008091108972,TRUE,TRUE,4.32080869866652
"mn_sur",2021-10-01,"exp",5.5051,5.42504258442753,-0.0800574155724698,0.0800574155724698,0.00640918978814313,0.0482371549074745,TRUE,TRUE,1.24041120436097
"mn_sur",2021-10-01,"selic",3.34944146755098,3.2754048056771,-0.0740366618738779,0.0740366618738779,0.00548142730142693,0.0578157678082829,FALSE,FALSE,4.28014378136769
"mn_sur",2021-11-01,"igi",0.3862200699166,0.521649277690593,0.135429207773993,0.135429207773993,0.0183410703182914,0.126401810370777,FALSE,FALSE,0.188567331614857
"mn_sur",2021-11-01,"ci",0.868270769230769,0.891559015945614,0.0232882467148449,0.0232882467148449,0.000542342435051482,0.0209846094701842,FALSE,FALSE,0.072689807061618
"mn_sur",2021-11-01,"gha",-1.55870278725907,-1.63575039914503,-0.0770476118859587,0.0770476118859587,0.00593633449732932,0.0585235212601876,TRUE,TRUE,4.32080869866652
"mn_sur",2021-11-01,"exp",5.8906,5.50735815518709,-0.38324184481291,0.38324184481291,0.146874311615603,0.332854352225439,FALSE,FALSE,1.24041120436097
"mn_sur",2021-11-01,"selic",3.80349792532155,3.68143280975934,-0.122065115562211,0.122065115562211,0.014899892437216,0.107126738080851,FALSE,FALSE,4.28014378136769
"mn_sur",2021-12-01,"igi",0.414873421116103,0.433723289798997,0.0188498686828939,0.0188498686828939,0.000355317549362344,0.0112103892580837,TRUE,TRUE,0.188567331614857
"mn_sur",2021-12-01,"ci",0.908769230769231,0.86832538504167,-0.0404438457275612,0.0404438457275612,0.00163570465723477,0.0377845054569937,FALSE,FALSE,0.072689807061618
"mn_sur",2021-12-01,"gha",-1.46373773206367,-1.40892536457732,0.054812367486347,0.054812367486347,0.00300439562945835,0.0575308761214741,TRUE,TRUE,4.32080869866652
"mn_sur",2021-12-01,"exp",5.2325,5.8867881553343,0.6542881553343,0.6542881553343,0.428092990210761,0.599472738967629,FALSE,FALSE,1.24041120436097
"mn_sur",2021-12-01,"selic",4.43568775893224,4.2312277647291,-0.204459994203143,0.204459994203143,0.0418038892295492,0.186668959470967,FALSE,FALSE,4.28014378136769
"mn_sur",2022-01-01,"igi",0.487096882890473,0.408262370299591,-0.078834512590882,0.078834512590882,0.00621488037544194,0.0661506834655367,FALSE,FALSE,0.188567331614857
"mn_sur",2022-01-01,"ci",0.884963636363636,0.914327473619679,0.0293638372560431,0.0293638372560431,0.000862234938399384,0.026362892324292,FALSE,FALSE,0.072689807061618
"mn_sur",2022-01-01,"gha",-0.373564815680839,-1.44291965746826,-1.06935484178742,1.06935484178742,1.14351977765421,0.93512078597369,FALSE,FALSE,4.32080869866652
"mn_sur",2022-01-01,"exp",5.3981,5.0965997742788,-0.301500225721201,0.301500225721201,0.090902386109935,0.242176130164642,FALSE,FALSE,1.24041120436097
"mn_sur",2022-01-01,"selic",5.04050751829499,5.02919336836098,-0.011314149934007,0.011314149934007,0.000128009988729191,0.00923995994803748,TRUE,TRUE,4.28014378136769
"mn_sur",2022-02-01,"igi",0.510730827213576,0.516060655007652,0.00532982779407598,0.00532982779407598,2.84070643145048e-05,0.00529087284423662,TRUE,TRUE,0.188567331614857
"mn_sur",2022-02-01,"ci",0.881327272727273,0.885246412872508,0.00391914014523498,0.00391914014523498,1.53596594779924e-05,0.00236337758030045,TRUE,TRUE,0.072689807061618
"mn_sur",2022-02-01,"gha",0.716608100701991,0.321408573368091,-0.3951995273339,0.3951995273339,0.156182666404938,0.270050977757288,FALSE,FALSE,4.32080869866652
"mn_sur",2022-02-01,"exp",5.4581,5.39363155811036,-0.0644684418896357,0.0644684418896357,0.00415617999967734,0.0400412067651417,TRUE,TRUE,1.24041120436097
"mn_sur",2022-02-01,"selic",5.70140355081796,5.5802923502991,-0.121111200518864,0.121111200518864,0.0146679228911204,0.102301511026773,FALSE,FALSE,4.28014378136769
"mn_sur",2022-03-01,"igi",0.430701909770818,0.524404090898947,0.0937021811281294,0.0937021811281294,0.00878009874816878,0.081907258040978,FALSE,FALSE,0.188567331614857
"mn_sur",2022-03-01,"ci",0.832193939393939,0.885347993878073,0.0531540544841337,0.0531540544841337,0.00282535350810225,0.050305511303558,FALSE,FALSE,0.072689807061618
"mn_sur",2022-03-01,"gha",1.70128041227358,1.33109815194589,-0.370182260327694,0.370182260327694,0.137034905861321,0.249504732813567,FALSE,TRUE,4.32080869866652
"mn_sur",2022-03-01,"exp",6.2688,5.39106303427312,-0.877736965726879,0.877736965726879,0.770422181003429,0.821223668319151,FALSE,FALSE,1.24041120436097
"mn_sur",2022-03-01,"selic",6.47148363656744,6.30301422199177,-0.168469414575674,0.168469414575674,0.0283819436474704,0.150420970347203,FALSE,FALSE,4.28014378136769
"mn_sur",2022-04-01,"igi",0.404327274470482,0.48674065344424,0.0824133789737577,0.0824133789737577,0.0067919650338722,0.0666495895105894,FALSE,FALSE,0.188567331614857
"mn_sur",2022-04-01,"ci",0.848048484848485,0.833068886799233,-0.0149795980492523,0.0149795980492523,0.000224388357717164,0.0112769366399028,FALSE,FALSE,0.072689807061618
"mn_sur",2022-04-01,"gha",5.1829028141662,2.34941470454638,-2.83348810961982,2.83348810961982,8.0286548673569,2.68867363747934,FALSE,FALSE,4.32080869866652
"mn_sur",2022-04-01,"exp",6.0072,6.28829571464749,0.281095714647492,0.281095714647492,0.0790148007931842,0.212975543046366,FALSE,FALSE,1.24041120436097
"mn_sur",2022-04-01,"selic",7.13022348143995,7.16963540194678,0.0394119205068284,0.0394119205068284,0.00155329947803656,0.0235657425486348,TRUE,TRUE,4.28014378136769
"mn_sur",2022-05-01,"igi",0.384757000306539,0.386809711029325,0.00205271072278612,0.00205271072278612,4.21362131144112e-06,0.00852824932151753,TRUE,TRUE,0.188567331614857
"mn_sur",2022-05-01,"ci",0.83689696969697,0.855705521888836,0.0188085521918659,0.0188085521918659,0.000353761635554145,0.0142159902805034,FALSE,FALSE,0.072689807061618
"mn_sur",2022-05-01,"gha",8.55221481599778,7.39155574541712,-1.16065907058066,1.16065907058066,1.34712947812117,0.984017793123639,FALSE,FALSE,4.32080869866652
"mn_sur",2022-05-01,"exp",6.1912,5.89748173880788,-0.293718261192122,0.293718261192122,0.0862704169577238,0.212655328275162,FALSE,FALSE,1.24041120436097
"mn_sur",2022-05-01,"selic",0.730467938213913,7.78105018397836,7.05058224576445,7.05058224576445,49.7107100042889,7.02068132890478,FALSE,FALSE,4.28014378136769
"mn_sur",2022-06-01,"igi",0.403715921101033,0.26046503601861,-0.143250885082423,0.143250885082423,0.0205208160768976,0.0884199172871276,FALSE,TRUE,0.188567331614857
"mn_sur",2022-06-01,"ci",1,0.854051190715713,-0.145948809284287,0.145948809284287,0.0213010549315013,0.130290338426291,FALSE,FALSE,0.072689807061618
"mn_sur",2022-06-01,"gha",12.0338372178904,9.18249177382436,-2.85134544406604,2.85134544406604,8.13017084139617,2.38157820986802,FALSE,FALSE,4.32080869866652
"mn_sur",2022-06-01,"exp",3.6974,6.35826052238443,2.66086052238443,2.66086052238443,7.08017871958396,2.4025618577834,FALSE,FALSE,1.24041120436097
"mn_sur",2022-06-01,"selic",0.828530953234968,-2.99848295718613,-3.8270139104211,3.8270139104211,14.6460354705566,3.35624977589297,FALSE,FALSE,4.28014378136769
"normal_wishart",2019-07-01,"igi",0.336518716202664,0.313629739599676,-0.0228889766029875,0.0228889766029875,0.000523905249932109,0.0204344047567344,TRUE,TRUE,0.188567331614857
"normal_wishart",2019-07-01,"ci",1,1.00031325837035,0.000313258370350011,0.000313258370350011,9.81308065943449e-08,0.00373658405455151,TRUE,TRUE,0.072689807061618
"normal_wishart",2019-07-01,"gha",-0.233134769467566,-0.0543511069655195,0.178783662502047,0.178783662502047,0.0319635979776457,0.138060586229703,TRUE,TRUE,4.32080869866652
"normal_wishart",2019-07-01,"exp",3.65,3.55478368146518,-0.0952163185348205,0.0952163185348205,0.0090661473153244,0.0791760400667633,TRUE,TRUE,1.24041120436097
"normal_wishart",2019-07-01,"selic",6.33684441173752,6.23334597209878,-0.103498439638742,0.103498439638742,0.0107119270076544,0.0927428988758119,TRUE,TRUE,4.28014378136769
"normal_wishart",2019-08-01,"igi",0.297825361058368,0.339097477067795,0.0412721160094267,0.0412721160094267,0.00170338755989558,0.0264535382440624,TRUE,TRUE,0.188567331614857
"normal_wishart",2019-08-01,"ci",1,0.996409934239831,-0.00359006576016907,0.00359006576016907,1.28885721623383e-05,0.00398984386777202,TRUE,TRUE,0.072689807061618
"normal_wishart",2019-08-01,"gha",-0.384946636272569,-0.279894444279348,0.105052191993221,0.105052191993221,0.0110359630425806,0.122188230284118,TRUE,TRUE,4.32080869866652
"normal_wishart",2019-08-01,"exp",3.49,3.71942068763364,0.229420687633639,0.229420687633639,0.0526338519142916,0.136537479403639,TRUE,TRUE,1.24041120436097
"normal_wishart",2019-08-01,"selic",6.26283049994651,6.33566184776712,0.0728313478206122,0.0728313478206122,0.00530440522536699,0.0875448100648011,TRUE,TRUE,4.28014378136769
"normal_wishart",2019-09-01,"igi",0.34572392334498,0.299291798404467,-0.0464321249405129,0.0464321249405129,0.0021559422264914,0.0281283785021422,TRUE,TRUE,0.188567331614857
"normal_wishart",2019-09-01,"ci",1,1.00015291898863,0.000152918988629347,0.000152918988629347,2.33842170834223e-08,0.00357944443405644,TRUE,TRUE,0.072689807061618
"normal_wishart",2019-09-01,"gha",-0.536758503077572,-0.423189222671307,0.113569280406265,0.113569280406265,0.0128979814519968,0.123959367038816,TRUE,TRUE,4.32080869866652
"normal_wishart",2019-09-01,"exp",3.34,3.53946053180059,0.199460531800588,0.199460531800588,0.0397845037461735,0.119014627103187,TRUE,TRUE,1.24041120436097
"normal_wishart",2019-09-01,"selic",6.25225392679034,6.18151718479366,-0.0707367419966802,0.0707367419966802,0.0050036866683049,0.0848135895702847,TRUE,TRUE,4.28014378136769
"normal_wishart",2019-10-01,"igi",0.760918870404394,0.339077392768667,-0.421841477635727,0.421841477635727,0.177950232253894,0.378962981895671,FALSE,FALSE,0.188567331614857
"normal_wishart",2019-10-01,"ci",1,0.999437628983323,-0.000562371016676666,0.000562371016676666,3.16261160397947e-07,0.00362518676424548,TRUE,TRUE,0.072689807061618
"normal_wishart",2019-10-01,"gha",-0.451727754964882,-0.596340679511332,-0.14461292454645,0.14461292454645,0.0209128979458773,0.127419827180815,TRUE,TRUE,4.32080869866652
"normal_wishart",2019-10-01,"exp",3.37,3.38819891101176,0.0181989110117566,0.0181989110117566,0.000331200362013837,0.0678338841567231,TRUE,TRUE,1.24041120436097
"normal_wishart",2019-10-01,"selic",6.18884498273218,6.20811940935277,0.0192744266205933,0.0192744266205933,0.000371503521552636,0.080460059562074,TRUE,TRUE,4.28014378136769
"normal_wishart",2019-11-01,"igi",1,0.690415524713899,-0.309584475286101,0.309584475286101,0.0958425473381702,0.260975228352052,FALSE,FALSE,0.188567331614857
"normal_wishart",2019-11-01,"ci",1,0.994495524283179,-0.00550447571682067,0.00550447571682067,3.02992529170684e-05,0.00464276894031778,TRUE,TRUE,0.072689807061618
"normal_wishart",2019-11-01,"gha",-0.363862648581769,-0.664873509405489,-0.30101086082372,0.30101086082372,0.0906075383338367,0.188886483250426,TRUE,TRUE,4.32080869866652
"normal_wishart",2019-11-01,"exp",3.81,3.46760699073844,-0.342393009261563,0.342393009261563,0.117232972791189,0.212712462388248,FALSE,TRUE,1.24041120436097
"normal_wishart",2019-11-01,"selic",6.07260682024735,6.10779163734419,0.0351848170968427,0.0351848170968427,0.00123797135413828,0.0863895529197156,TRUE,TRUE,4.28014378136769
"normal_wishart",2019-12-01,"igi",0.981329524820544,0.948100919431684,-0.0332286053888596,0.0332286053888596,0.00110414021608855,0.0254793829865523,TRUE,TRUE,0.188567331614857
"normal_wishart",2019-12-01,"ci",1,0.994378620363956,-0.0056213796360437,0.0056213796360437,3.15999090125268e-05,0.00461314581697039,TRUE,TRUE,0.072689807061618
"normal_wishart",2019-12-01,"gha",-0.278831900469079,-0.831663879004685,-0.552831978535606,0.552831978535606,0.305623196491592,0.337659956499386,FALSE,TRUE,4.32080869866652
"normal_wishart",2019-12-01,"exp",4.1,3.98310472849691,-0.116895271503089,0.116895271503089,0.0136645044997809,0.0878629470715649,TRUE,TRUE,1.24041120436097
"normal_wishart",2019-12-01,"selic",5.9459403577294,5.99080773394797,0.0448673762185745,0.0448673762185745,0.00201308144873911,0.0859309974658136,TRUE,TRUE,4.28014378136769
"normal_wishart",2020-01-01,"igi",0.718596176759615,0.921164954037245,0.20256877727763,0.20256877727763,0.0410341095277541,0.152509433213913,FALSE,FALSE,0.188567331614857
"normal_wishart",2020-01-01,"ci",1,0.995002400887702,-0.00499759911229802,0.00499759911229802,2.4975996887242e-05,0.00437636624290078,TRUE,TRUE,0.072689807061618
"normal_wishart",2020-01-01,"gha",-1.14220082511388,-0.732848206139134,0.409352618974746,0.409352618974746,0.167569566661484,0.247055362271801,TRUE,TRUE,4.32080869866652
"normal_wishart",2020-01-01,"exp",3.44,4.27040550837983,0.830405508379828,0.830405508379828,0.689573308347561,0.663198643515235,FALSE,FALSE,1.24041120436097
"normal_wishart",2020-01-01,"selic",5.77733730961685,5.90414402846118,0.126806718844327,0.126806718844327,0.0160799439440643,0.101169128907883,TRUE,TRUE,4.28014378136769
"normal_wishart",2020-02-01,"igi",0.696348024674756,0.652068641029887,-0.0442793836448694,0.0442793836448694,0.00196066381596953,0.0290864806091842,TRUE,TRUE,0.188567331614857
"normal_wishart",2020-02-01,"ci",1,1.0050036727165,0.0050036727164986,0.0050036727164986,2.50367406538324e-05,0.00452797065246468,TRUE,TRUE,0.072689807061618
"normal_wishart",2020-02-01,"gha",-2.00556974975868,-2.14195365576837,-0.13638390600969,0.13638390600969,0.01860056981846,0.137077461492616,TRUE,TRUE,4.32080869866652
"normal_wishart",2020-02-01,"exp",3.46,3.43064541055575,-0.0293545894442531,0.0293545894442531,0.000861691921440654,0.0729744349110599,TRUE,TRUE,1.24041120436097
"normal_wishart",2020-02-01,"selic",5.56681419824334,5.7406444013344,0.173830203091062,0.173830203091062,0.0302169395066798,0.119189960905795,TRUE,TRUE,4.28014378136769
"normal_wishart",2020-03-01,"igi",0.744792120162424,0.66827356670955,-0.0765185534528736,0.0765185534528736,0.00585508902252028,0.0457163192996936,TRUE,TRUE,0.188567331614857
"normal_wishart",2020-03-01,"ci",1,1.00229331496993,0.00229331496992535,0.00229331496992535,5.25929355128372e-06,0.00374359294339249,TRUE,TRUE,0.072689807061618
"normal_wishart",2020-03-01,"gha",-2.81323745345866,-2.83249806347202,-0.0192606100133568,0.0192606100133568,0.000370971098086619,0.113648173309873,TRUE,TRUE,4.32080869866652
"normal_wishart",2020-03-01,"exp",3.13,3.49642936584867,0.366429365848675,0.366429365848675,0.134270480156262,0.228507410752562,FALSE,TRUE,1.24041120436097
"normal_wishart",2020-03-01,"selic",5.43021933563987,5.36722559694058,-0.0629937386992898,0.0629937386992898,0.0039682111153144,0.083546180776294,TRUE,TRUE,4.28014378136769
"normal_wishart",2020-04-01,"igi",0.614336108827054,0.723500328430636,0.109164219603582,0.109164219603582,0.0119168268416591,0.0694636653847764,FALSE,TRUE,0.188567331614857
"normal_wishart",2020-04-01,"ci",1,1.00308317801773,0.0030831780177325,0.0030831780177325,9.50598668902892e-06,0.00389785303804289,TRUE,TRUE,0.072689807061618
"normal_wishart",2020-04-01,"gha",-5.70238718279039,-3.58271192213639,2.119675260654,2.119675260654,4.49302321062859,1.84718827454959,FALSE,FALSE,4.32080869866652
"normal_wishart",2020-04-01,"exp",2.5,3.15440056384152,0.65440056384152,0.65440056384152,0.428240097956099,0.493723768620078,FALSE,FALSE,1.24041120436097
"normal_wishart",2020-04-01,"selic",5.17849577176646,5.31827918391568,0.139783412149218,0.139783412149218,0.0195394023120782,0.103330793908512,TRUE,TRUE,4.28014378136769
"normal_wishart",2020-05-01,"igi",0.697980641983104,0.613660261013298,-0.0843203809698057,0.0843203809698057,0.00710992664689316,0.0498655730506379,TRUE,TRUE,0.188567331614857
"normal_wishart",2020-05-01,"ci",1,1.01308883864169,0.0130888386416887,0.0130888386416887,0.000171317696988165,0.0077009809922385,TRUE,TRUE,0.072689807061618
"normal_wishart",2020-05-01,"gha",-8.49833853375657,-8.00923284274009,0.489105691016476,0.489105691016476,0.239224376984705,0.29275347762568,TRUE,TRUE,4.32080869866652
"normal_wishart",2020-05-01,"exp",2.67,2.36758769326012,-0.302412306739882,0.302412306739882,0.0914532032677364,0.180004163148067,TRUE,TRUE,1.24041120436097
"normal_wishart",2020-05-01,"selic",4.86465502448645,4.92848031152307,0.0638252870366181,0.0638252870366181,0.00407366726530668,0.0931318452625564,TRUE,TRUE,4.28014378136769
"normal_wishart",2020-06-01,"igi",0.618410053019843,0.732221939240585,0.113811886220742,0.113811886220742,0.0129531454451232,0.0711730788704101,FALSE,TRUE,0.188567331614857
"normal_wishart",2020-06-01,"ci",1,1.0076955346411,0.00769553464109896,0.00769553464109896,5.9221253412354e-05,0.00529268900801066,TRUE,TRUE,0.072689807061618
"normal_wishart",2020-06-01,"gha",-11.3874882630883,-10.641226540638,0.74626172245026,0.74626172245026,0.556906558394429,0.482399004182294,FALSE,TRUE,4.32080869866652
"normal_wishart",2020-06-01,"exp",3.22,2.65132849531472,-0.568671504685276,0.568671504685276,0.323387280241016,0.397774281580551,FALSE,FALSE,1.24041120436097
"normal_wishart",2020-06-01,"selic",4.59328237288532,4.47449234003017,-0.118790032855155,0.118790032855155,0.0141110719057288,0.099465748482059,TRUE,TRUE,4.28014378136769
"normal_wishart",2020-07-01,"igi",0.644312255357632,0.641763319009981,-0.00254893634765085,0.00254893634765085,6.49707650437568e-06,0.0210881360829799,TRUE,TRUE,0.188567331614857
"normal_wishart",2020-07-01,"ci",1,1.00263495534808,0.00263495534808311,0.00263495534808311,6.9429896863918e-06,0.00396419121160446,TRUE,TRUE,0.072689807061618
"normal_wishart",2020-07-01,"gha",-9.3855916068707,-13.5452487389252,-4.1596571320545,4.1596571320545,17.3027474562519,3.84580007243077,FALSE,FALSE,4.32080869866652
"normal_wishart",2020-07-01,"exp",3.2,3.29593414136013,0.095934141360126,0.095934141360126,0.00920335947850464,0.0854486608658621,TRUE,TRUE,1.24041120436097
"normal_wishart",2020-07-01,"selic",4.19808055025734,4.25498892123454,0.0569083709772036,0.0569083709772036,0.00323856268727903,0.0949156702769501,TRUE,TRUE,4.28014378136769
"normal_wishart",2020-08-01,"igi",0.50902807123662,0.669026746364875,0.159998675128255,0.159998675128255,0.0255995760427969,0.112392060258703,FALSE,FALSE,0.188567331614857
"normal_wishart",2020-08-01,"ci",1,1.00008139846902,8.1398469016003e-05,8.1398469016003e-05,6.6257107581492e-09,0.00377114805307347,TRUE,TRUE,0.072689807061618
"normal_wishart",2020-08-01,"gha",-7.31696506211252,-7.79680969478271,-0.47984463267019,0.47984463267019,0.23025087150239,0.287613435315944,TRUE,TRUE,4.32080869866652
"normal_wishart",2020-08-01,"exp",3.14,3.2296280600312,0.0896280600311972,0.0896280600311972,0.00803318914495588,0.0815099884869409,TRUE,TRUE,1.24041120436097
"normal_wishart",2020-08-01,"selic",3.84556963098286,3.78975469204819,-0.0558149389346694,0.0558149389346694,0.00311530740828087,0.0880345103328459,TRUE,TRUE,4.28014378136769
"normal_wishart",2020-09-01,"igi",0.460566696696968,0.524840465670788,0.0642737689738198,0.0642737689738198,0.00413111737809996,0.0390516310300273,TRUE,TRUE,0.188567331614857
"normal_wishart",2020-09-01,"ci",1,1.00176154890789,0.00176154890788571,0.00176154890788571,3.10305455487335e-06,0.00382680307859198,TRUE,TRUE,0.072689807061618
"normal_wishart",2020-09-01,"gha",-5.24833851735433,-5.62836885912727,-0.380030341772938,0.380030341772938,0.144423060668056,0.235648239950284,TRUE,TRUE,4.32080869866652
"normal_wishart",2020-09-01,"exp",3.37,3.12409655141677,-0.245903448583234,0.245903448583234,0.0604685060251271,0.145693080905213,TRUE,TRUE,1.24041120436097
"normal_wishart",2020-09-01,"selic",3.53545942901896,3.48571508128863,-0.0497443477303254,0.0497443477303254,0.00247450013111553,0.0861304353341016,TRUE,TRUE,4.28014378136769
"normal_wishart",2020-10-01,"igi",0.508204531969605,0.471860616948704,-0.0363439150209013,0.0363439150209013,0.0013208801590465,0.0265987761378823,TRUE,TRUE,0.188567331614857
"normal_wishart",2020-10-01,"ci",1,0.998858676052057,-0.00114132394794253,0.00114132394794253,1.30262035414712e-06,0.00354151101179937,TRUE,TRUE,0.072689807061618
"normal_wishart",2020-10-01,"gha",-3.97737747075211,-3.44614646487021,0.531231005881899,0.531231005881899,0.282206381610294,0.317274795067546,TRUE,TRUE,4.32080869866652
"normal_wishart",2020-10-01,"exp",3.92,3.4227531047715,-0.497246895228498,0.497246895228498,0.247254474814381,0.343801067943252,FALSE,FALSE,1.24041120436097
"normal_wishart",2020-10-01,"selic",3.20572866650617,3.21468815189167,0.00895948538550417,0.00895948538550417,8.02723783730629e-05,0.0846375972174474,TRUE,TRUE,4.28014378136769
"normal_wishart",2020-11-01,"igi",0.479623500786908,0.506898591209252,0.0272750904223436,0.0272750904223436,0.00074393055754702,0.0237455060101853,TRUE,TRUE,0.188567331614857
"normal_wishart",2020-11-01,"ci",0.993125,0.993485877087632,0.000360877087631661,0.000360877087631661,1.3023227237751e-07,0.00356128725752798,TRUE,TRUE,0.072689807061618
"normal_wishart",2020-11-01,"gha",-2.66405105592981,-2.80292668620007,-0.138875630270261,0.138875630270261,0.0192864406829621,0.148040909458353,TRUE,TRUE,4.32080869866652
"normal_wishart",2020-11-01,"exp",4.11,4.05380083796372,-0.0561991620362798,0.0561991620362798,0.00315834581358004,0.0736746259630665,TRUE,TRUE,1.24041120436097
"normal_wishart",2020-11-01,"selic",2.96925409394893,2.8979804638281,-0.0712736301208272,0.0712736301208272,0.00507993035060049,0.0897142145320426,TRUE,TRUE,4.28014378136769
"normal_wishart",2020-12-01,"igi",0.402116942835389,0.479304262079057,0.0771873192436683,0.0771873192436683,0.00595788225202396,0.0457241645358112,TRUE,TRUE,0.188567331614857
"normal_wishart",2020-12-01,"ci",0.99375,0.984420582739487,-0.00932941726051284,0.00932941726051284,8.70380264207549e-05,0.0057237997602238,TRUE,TRUE,0.072689807061618
"normal_wishart",2020-12-01,"gha",-1.39309000932759,-1.69683496491346,-0.303744955585867,0.303744955585867,0.0922609980438602,0.196679383304425,TRUE,TRUE,4.32080869866652
"normal_wishart",2020-12-01,"exp",4.1,4.23653048896671,0.136530488966714,0.136530488966714,0.01864057441749,0.0930830992681035,TRUE,TRUE,1.24041120436097
"normal_wishart",2020-12-01,"selic",2.75381578210545,2.78683174517157,0.033015963066116,0.033015963066116,0.00109005381718313,0.0845160738547458,TRUE,TRUE,4.28014378136769
"normal_wishart",2021-01-01,"igi",0.471310372606226,0.393348455548281,-0.0779619170579453,0.0779619170579453,0.00607806051134994,0.0461360860551825,TRUE,TRUE,0.188567331614857
"normal_wishart",2021-01-01,"ci",1,0.987190852896239,-0.0128091471037607,0.0128091471037607,0.000164074249525781,0.00744418831295782,TRUE,TRUE,0.072689807061618
"normal_wishart",2021-01-01,"gha",-1.2171126928148,-0.478469994250495,0.738642698564305,0.738642698564305,0.545593036142359,0.468586610919456,FALSE,TRUE,4.32080869866652
"normal_wishart",2021-01-01,"exp",3.57,4.17508964519042,0.605089645190423,0.605089645190423,0.366133478716672,0.446080194001041,FALSE,FALSE,1.24041120436097
"normal_wishart",2021-01-01,"selic",2.51837667441583,2.61982837825146,0.101451703835626,0.101451703835626,0.0102924482111516,0.0927877152834875,TRUE,TRUE,4.28014378136769
"normal_wishart",2021-02-01,"igi",0.336702550886205,0.45597504921926,0.119272498333055,0.119272498333055,0.0142259288586086,0.0774264832968022,FALSE,TRUE,0.188567331614857
"normal_wishart",2021-02-01,"ci",0.985230769230769,0.996335178316413,0.0111044090856438,0.0111044090856438,0.000123307901141329,0.00676497490982269,TRUE,TRUE,0.072689807061618
"normal_wishart",2021-02-01,"gha",-1.041135376302,-1.33959078332626,-0.298455407024262,0.298455407024262,0.0890756299820176,0.193155855116305,TRUE,TRUE,4.32080869866652
"normal_wishart",2021-02-01,"exp",3.99,3.62394459132488,-0.36605540867512,0.36605540867512,0.133996562220309,0.228469767443477,FALSE,TRUE,1.24041120436097
"normal_wishart",2021-02-01,"selic",2.35482158150622,2.35649203931129,0.00167045780506747,0.00167045780506747,2.79042927851083e-06,0.0822918702492828,TRUE,TRUE,4.28014378136769
"normal_wishart",2021-03-01,"igi",0.437750125055564,0.36717639569147,-0.0705737293640941,0.0705737293640941,0.0049806512763564,0.0419026967570637,TRUE,TRUE,0.188567331614857
"normal_wishart",2021-03-01,"ci",0.953846153846154,0.979718938538533,0.025872784692379,0.025872784692379,0.0006694009877382,0.018027236466625,FALSE,FALSE,0.072689807061618
"normal_wishart",2021-03-01,"gha",-0.882188122677541,-0.739903422937892,0.142284699739649,0.142284699739649,0.0202449357800019,0.147479521298956,TRUE,TRUE,4.32080869866652
"normal_wishart",2021-03-01,"exp",4.5,4.09694190715255,-0.403058092847451,0.403058092847451,0.162455826209825,0.259323541712543,FALSE,TRUE,1.24041120436097
"normal_wishart",2021-03-01,"selic",2.21201038934546,2.21042316469261,-0.00158722465284988,0.00158722465284988,2.51928209861443e-06,0.082701840743767,TRUE,TRUE,4.28014378136769
"normal_wishart",2021-04-01,"igi",0.552744968025469,0.478914021283956,-0.0738309467415135,0.0738309467415135,0.0054510086967482,0.043593036359123,TRUE,TRUE,0.188567331614857
"normal_wishart",2021-04-01,"ci",0.978461538461538,0.944235642702759,-0.0342258957587794,0.0342258957587794,0.00117141194049084,0.0259345238168474,FALSE,FALSE,0.072689807061618
"normal_wishart",2021-04-01,"gha",-1.22008660249197,-0.73672765591595,0.48335894657602,0.48335894657602,0.23363587123508,0.286886499420055,TRUE,TRUE,4.32080869866652
"normal_wishart",2021-04-01,"exp",4.1,4.69744032766521,0.597440327665212,0.597440327665212,0.356934945120716,0.436644295667451,FALSE,FALSE,1.24041120436097
"normal_wishart",2021-04-01,"selic",2.14066175824001,2.10336571640953,-0.0372960418304835,0.0372960418304835,0.00139099473622118,0.0818321799093206,TRUE,TRUE,4.28014378136769
"normal_wishart",2021-05-01,"igi",0.544447961309629,0.511354660622872,-0.0330933006867566,0.0330933006867566,0.00109516655034409,0.0246499306632507,TRUE,TRUE,0.188567331614857
"normal_wishart",2021-05-01,"ci",0.956923076923077,0.977943979067911,0.0210209021448337,0.0210209021448337,0.000441878326982672,0.0135030693926976,FALSE,TRUE,0.072689807061618
"normal_wishart",2021-05-01,"gha",-1.54708513134464,-1.63158957639988,-0.0845044450552366,0.0845044450552366,0.0071410012340935,0.139976114460582,TRUE,TRUE,4.32080869866652
"normal_wishart",2021-05-01,"exp",4.45,4.0712906910467,-0.378709308953296,0.378709308953296,0.143420740687883,0.239006571990228,FALSE,TRUE,1.24041120436097
"normal_wishart",2021-05-01,"selic",2.1712305915675,2.13400062391428,-0.0372299676532215,0.0372299676532215,0.00138607049145992,0.0872299703719061,TRUE,TRUE,4.28014378136769
"normal_wishart",2021-06-01,"igi",0.542209655734563,0.564897455231169,0.0226877994966057,0.0226877994966057,0.000514736245998182,0.0220805531346903,TRUE,TRUE,0.188567331614857
"normal_wishart",2021-06-01,"ci",0.955489230769231,0.950733564818063,-0.00475566595116794,0.00475566595116794,2.26163586390981e-05,0.00402265417613518,TRUE,TRUE,0.072689807061618
"normal_wishart",2021-06-01,"gha",-1.88498361115906,-1.8340798028966,0.05090380826246,0.05090380826246,0.00259119769562129,0.131378197339093,TRUE,TRUE,4.32080869866652
"normal_wishart",2021-06-01,"exp",4.4733,4.55176347011924,0.078463470119237,0.078463470119237,0.0061565161431524,0.0781633195509086,TRUE,TRUE,1.24041120436097
"normal_wishart",2021-06-01,"selic",2.27318771220573,2.21882121937326,-0.0543664928324716,0.0543664928324716,0.00295571554290319,0.0869600868055706,TRUE,TRUE,4.28014378136769
"normal_wishart",2021-07-01,"igi",0.402314200210209,0.54403968358866,0.14172548337845,0.14172548337845,0.0200861126388554,0.0971320474723693,FALSE,TRUE,0.188567331614857
"normal_wishart",2021-07-01,"ci",0.930024615384615,0.952608746398672,0.0225841310140567,0.0225841310140567,0.000510042973660076,0.0150939971966471,FALSE,TRUE,0.072689807061618
"normal_wishart",2021-07-01,"gha",-1.8415536508321,-2.19407316786477,-0.352519517032667,0.352519517032667,0.124270009888945,0.217653553790837,TRUE,TRUE,4.32080869866652
"normal_wishart",2021-07-01,"exp",4.8871,4.49516394756831,-0.391936052431695,0.391936052431695,0.15361386919574,0.249957733335281,FALSE,TRUE,1.24041120436097
"normal_wishart",2021-07-01,"selic",2.44672241538046,2.39931844672068,-0.0474039686597769,0.0474039686597769,0.00224713624469711,0.0872809595365148,TRUE,TRUE,4.28014378136769
"normal_wishart",2021-08-01,"igi",0.449918725727574,0.44948055855046,-0.000438167177114257,0.000438167177114257,1.91990475100277e-07,0.0198516515172779,TRUE,TRUE,0.188567331614857
"normal_wishart",2021-08-01,"ci",0.933852307692308,0.926066177845198,-0.00778612984711002,0.00778612984711002,6.06238179960576e-05,0.0050410753679952,TRUE,TRUE,0.072689807061618
"normal_wishart",2021-08-01,"gha",-1.7966760251609,-1.71656578523408,0.0801102399268199,0.0801102399268199,0.00641765054113264,0.135367474093507,TRUE,TRUE,4.32080869866652
"normal_wishart",2021-08-01,"exp",4.8249,4.94769711685296,0.122797116852959,0.122797116852959,0.0150791319073992,0.0875065968019094,TRUE,TRUE,1.24041120436097
"normal_wishart",2021-08-01,"selic",2.72288670304173,2.61592672327737,-0.106959979764361,0.106959979764361,0.0114404372711926,0.0968035298125462,TRUE,TRUE,4.28014378136769
"normal_wishart",2021-09-01,"igi",0.443110450996762,0.460573118955311,0.0174626679585487,0.0174626679585487,0.000304944772230522,0.0207369763994565,TRUE,TRUE,0.188567331614857
"normal_wishart",2021-09-01,"ci",0.901544615384615,0.932246570862445,0.0307019554778304,0.0307019554778304,0.000942610070162679,0.0224766099431016,FALSE,FALSE,0.072689807061618
"normal_wishart",2021-09-01,"gha",-1.75179839948971,-1.73302193789888,0.0187764615908281,0.0187764615908281,0.000352555509871844,0.129267142162075,TRUE,TRUE,4.32080869866652
"normal_wishart",2021-09-01,"exp",5.3499,4.82528489863591,-0.524615101364093,0.524615101364093,0.275221004579258,0.36877677047534,FALSE,FALSE,1.24041120436097
"normal_wishart",2021-09-01,"selic",3.01005132241923,3.00079375081838,-0.00925757160085272,0.00925757160085272,8.57026319449148e-05,0.083890710943489,TRUE,TRUE,4.28014378136769
"normal_wishart",2021-10-01,"igi",0.500868201892054,0.500675639181471,-0.000192562710582767,0.000192562710582767,3.70803975069823e-08,0.0191320778930391,TRUE,TRUE,0.188567331614857
"normal_wishart",2021-10-01,"ci",0.891993846153846,0.897252267530431,0.00525842137658505,0.00525842137658505,2.76509953737267e-05,0.00416840874431931,TRUE,TRUE,0.072689807061618
"normal_wishart",2021-10-01,"gha",-1.65683334429431,-1.64465784339986,0.0121755008944462,0.0121755008944462,0.00014824282203066,0.130976484846666,TRUE,TRUE,4.32080869866652
"normal_wishart",2021-10-01,"exp",5.5051,5.43790547137551,-0.0671945286244879,0.0671945286244879,0.00451510467706713,0.0729174783855421,TRUE,TRUE,1.24041120436097
"normal_wishart",2021-10-01,"selic",3.34944146755098,3.28243134847532,-0.0670101190756633,0.0670101190756633,0.00449035605853458,0.0882391914685023,TRUE,TRUE,4.28014378136769
"normal_wishart",2021-11-01,"igi",0.3862200699166,0.529409028343725,0.143188958427125,0.143188958427125,0.020503077815445,0.0987125121288157,FALSE,FALSE,0.188567331614857
"normal_wishart",2021-11-01,"ci",0.868270769230769,0.892322712686833,0.0240519434560638,0.0240519434560638,0.000578495984013688,0.0162390950658307,FALSE,TRUE,0.072689807061618
"normal_wishart",2021-11-01,"gha",-1.55870278725907,-1.62785135427242,-0.0691485670133538,0.0691485670133538,0.00478152432000028,0.133320682194485,TRUE,TRUE,4.32080869866652
"normal_wishart",2021-11-01,"exp",5.8906,5.50871868648941,-0.381881313510585,0.381881313510585,0.14583333760857,0.242750330473711,FALSE,TRUE,1.24041120436097
"normal_wishart",2021-11-01,"selic",3.80349792532155,3.68758303804092,-0.115914887280629,0.115914887280629,0.0134362610932808,0.0969650405214827,TRUE,TRUE,4.28014378136769
"normal_wishart",2021-12-01,"igi",0.414873421116103,0.444446286068283,0.0295728649521796,0.0295728649521796,0.000874554341479855,0.023734381566876,TRUE,TRUE,0.188567331614857
"normal_wishart",2021-12-01,"ci",0.908769230769231,0.869499241219676,-0.0392699895495553,0.0392699895495553,0.00154213207922218,0.0307394190929319,FALSE,FALSE,0.072689807061618
"normal_wishart",2021-12-01,"gha",-1.46373773206367,-1.41077118780663,0.0529665442570373,0.0529665442570373,0.00280545481053269,0.131451693862326,TRUE,TRUE,4.32080869866652
"normal_wishart",2021-12-01,"exp",5.2325,5.88373992128986,0.651239921289857,0.651239921289857,0.424113435081619,0.489102897139087,FALSE,FALSE,1.24041120436097
"normal_wishart",2021-12-01,"selic",4.43568775893224,4.24519330714585,-0.190494451786392,0.190494451786392,0.0362881361613982,0.125808911437911,TRUE,TRUE,4.28014378136769
"normal_wishart",2022-01-01,"igi",0.487096882890473,0.392371709899303,-0.0947251729911702,0.0947251729911702,0.00897285839820712,0.058063729183321,FALSE,TRUE,0.188567331614857
"normal_wishart",2022-01-01,"ci",0.884963636363636,0.914458021601363,0.0294943852377274,0.0294943852377274,0.000869918760551472,0.0210800127246397,FALSE,FALSE,0.072689807061618
"normal_wishart",2022-01-01,"gha",-0.373564815680839,-1.39488292446097,-1.02131810878013,1.02131810878013,1.04309067932223,0.728915412569741,FALSE,FALSE,4.32080869866652
"normal_wishart",2022-01-01,"exp",5.3981,5.06161039055888,-0.336489609441118,0.336489609441118,0.113225257261836,0.208281635456556,FALSE,TRUE,1.24041120436097
"normal_wishart",2022-01-01,"selic",5.04050751829499,5.03702727990162,-0.00348023839337053,0.00348023839337053,1.21120592746903e-05,0.0879215570589318,TRUE,TRUE,4.28014378136769
"normal_wishart",2022-02-01,"igi",0.510730827213576,0.530791375688669,0.0200605484750929,0.0200605484750929,0.000402425605121551,0.0214344702282132,TRUE,TRUE,0.188567331614857
"normal_wishart",2022-02-01,"ci",0.881327272727273,0.884924105422425,0.00359683269515254,0.00359683269515254,1.29372054369183e-05,0.00389045038950887,TRUE,TRUE,0.072689807061618
"normal_wishart",2022-02-01,"gha",0.716608100701991,0.28818820463682,-0.428419896065171,0.428419896065171,0.183543607344492,0.260001999671875,TRUE,TRUE,4.32080869866652
"normal_wishart",2022-02-01,"exp",5.4581,5.41775797089498,-0.0403420291050152,0.0403420291050152,0.00162747931230989,0.0701609654158799,TRUE,TRUE,1.24041120436097
"normal_wishart",2022-02-01,"selic",5.70140355081796,5.60139075149426,-0.100012799323696,0.100012799323696,0.0100025600285618,0.0969795796179336,TRUE,TRUE,4.28014378136769
"normal_wishart",2022-03-01,"igi",0.430701909770818,0.525028069669577,0.094326159898759,0.094326159898759,0.00889742444124626,0.0583563510829777,FALSE,TRUE,0.188567331614857
"normal_wishart",2022-03-01,"ci",0.832193939393939,0.886509186138389,0.05431524674445,0.05431524674445,0.00295014602891048,0.0456440965683538,FALSE,FALSE,0.072689807061618
"normal_wishart",2022-03-01,"gha",1.70128041227358,1.35369133048334,-0.347589081790236,0.347589081790236,0.120818169779779,0.210780360210938,TRUE,TRUE,4.32080869866652
"normal_wishart",2022-03-01,"exp",6.2688,5.38042797100932,-0.888372028990675,0.888372028990675,0.789204861893009,0.719453362030632,FALSE,FALSE,1.24041120436097
"normal_wishart",2022-03-01,"selic",6.47148363656744,6.31325153250065,-0.158232104066785,0.158232104066785,0.025037398757402,0.114362746109144,TRUE,TRUE,4.28014378136769
"normal_wishart",2022-04-01,"igi",0.404327274470482,0.504501243962537,0.100173969492055,0.100173969492055,0.0100348241637952,0.0615979302474226,FALSE,TRUE,0.188567331614857
"normal_wishart",2022-04-01,"ci",0.848048484848485,0.83478802283758,-0.0132604620109046,0.0132604620109046,0.000175839852742644,0.00782357812376482,TRUE,TRUE,0.072689807061618
"normal_wishart",2022-04-01,"gha",5.1829028141662,2.34223827703194,-2.84066453713426,2.84066453713426,8.06937501253217,2.51630777222746,FALSE,FALSE,4.32080869866652
"normal_wishart",2022-04-01,"exp",6.0072,6.28661273288684,0.279412732886839,0.279412732886839,0.078071475299292,0.166570070416434,TRUE,TRUE,1.24041120436097
"normal_wishart",2022-04-01,"selic",7.13022348143995,7.19400038527409,0.0637769038341398,0.0637769038341398,0.00406749346266912,0.0920695260460717,TRUE,TRUE,4.28014378136769
"normal_wishart",2022-05-01,"igi",0.384757000306539,0.380367916106454,-0.00438908420008521,0.00438908420008521,1.92640601154377e-05,0.0208068984908184,TRUE,TRUE,0.188567331614857
"normal_wishart",2022-05-01,"ci",0.83689696969697,0.858578107257286,0.0216811375603156,0.0216811375603156,0.00047007172590933,0.0137801528637259,FALSE,TRUE,0.072689807061618
"normal_wishart",2022-05-01,"gha",8.55221481599778,7.47034942112596,-1.08186539487182,1.08186539487182,1.17043273262116,0.753850704270371,FALSE,FALSE,4.32080869866652
"normal_wishart",2022-05-01,"exp",6.1912,5.86159494567207,-0.329605054327933,0.329605054327933,0.10863949183852,0.200283781483831,FALSE,TRUE,1.24041120436097
"normal_wishart",2022-05-01,"selic",0.730467938213913,7.78456622403935,7.05409828582544,7.05409828582544,49.7603026260854,6.8336909847528,FALSE,FALSE,4.28014378136769
"normal_wishart",2022-06-01,"igi",0.403715921101033,0.248764079371453,-0.15495184172958,0.15495184172958,0.0240100732553889,0.0934050487171755,TRUE,TRUE,0.188567331614857
"normal_wishart",2022-06-01,"ci",1,0.900769813159926,-0.0992301868400739,0.0992301868400739,0.00984662998031598,0.0792140990394832,FALSE,FALSE,0.072689807061618
"normal_wishart",2022-06-01,"gha",12.0338372178904,8.50498815496125,-3.52884906292915,3.52884906292915,12.4527757089359,2.80889006474209,FALSE,FALSE,4.32080869866652
"normal_wishart",2022-06-01,"exp",3.6974,6.14852488130509,2.45112488130508,2.45112488130508,6.00801318375287,2.07038677597289,FALSE,FALSE,1.24041120436097
"normal_wishart",2022-06-01,"selic",0.828530953234968,-4.92574469316586,-5.75427564640083,5.75427564640083,33.1116882147616,5.03444963542129,FALSE,FALSE,4.28014378136769
"ssvs",2019-07-01,"igi",0.336518716202664,0.305220305595433,-0.0312984106072308,0.0312984106072308,0.000979590506538815,0.0232997073138409,TRUE,TRUE,0.188567331614857
"ssvs",2019-07-01,"ci",1,0.997954678560178,-0.00204532143982161,0.00204532143982161,4.18333979219395e-06,0.00382011415531199,TRUE,TRUE,0.072689807061618
"ssvs",2019-07-01,"gha",-0.233134769467566,-0.0883067879115198,0.144827981556046,0.144827981556046,0.0209751442415985,0.129499478964458,TRUE,TRUE,4.32080869866652
"ssvs",2019-07-01,"exp",3.65,3.57213235273725,-0.0778676472627526,0.0778676472627526,0.00606337049023647,0.0742118665314012,TRUE,TRUE,1.24041120436097
"ssvs",2019-07-01,"selic",6.33684441173752,6.26278409550596,-0.0740603162315647,0.0740603162315647,0.00548493044031937,0.0850625858666789,TRUE,TRUE,4.28014378136769
"ssvs",2019-08-01,"igi",0.297825361058368,0.333315692856838,0.0354903317984701,0.0354903317984701,0.00125956365116549,0.0243376353366449,TRUE,TRUE,0.188567331614857
"ssvs",2019-08-01,"ci",1,0.99735600489396,-0.00264399510603963,0.00264399510603963,6.99071012076152e-06,0.00385551291999208,TRUE,TRUE,0.072689807061618
"ssvs",2019-08-01,"gha",-0.384946636272569,-0.328977795248852,0.055968841023717,0.055968841023717,0.00313251116553811,0.113797315140283,TRUE,TRUE,4.32080869866652
"ssvs",2019-08-01,"exp",3.49,3.73361834590725,0.243618345907245,0.243618345907245,0.0593498984625822,0.146311717868132,TRUE,TRUE,1.24041120436097
"ssvs",2019-08-01,"selic",6.26283049994651,6.34843586554869,0.0856053656021789,0.0856053656021789,0.00732827861988272,0.0871950968452569,TRUE,TRUE,4.28014378136769
"ssvs",2019-09-01,"igi",0.34572392334498,0.296008477950453,-0.0497154453945265,0.0497154453945265,0.00247162551077615,0.0304804810561243,TRUE,TRUE,0.188567331614857
"ssvs",2019-09-01,"ci",1,0.998463968687391,-0.00153603131260927,0.00153603131260927,2.35939219331614e-06,0.00365365488203984,TRUE,TRUE,0.072689807061618
"ssvs",2019-09-01,"gha",-0.536758503077572,-0.437212455294024,0.0995460477835481,0.0995460477835481,0.00990941562932445,0.115231138913555,TRUE,TRUE,4.32080869866652
"ssvs",2019-09-01,"exp",3.34,3.55680660308762,0.216806603087616,0.216806603087616,0.0470051031423912,0.129675801119387,TRUE,TRUE,1.24041120436097
"ssvs",2019-09-01,"selic",6.25225392679034,6.19357802603761,-0.0586759007527311,0.0586759007527311,0.00344286132914435,0.0839392435471149,TRUE,TRUE,4.28014378136769
"ssvs",2019-10-01,"igi",0.760918870404394,0.339411249310268,-0.421507621094126,0.421507621094126,0.17766867464043,0.378554114133228,FALSE,FALSE,0.188567331614857
"ssvs",2019-10-01,"ci",1,1.00002411443473,2.41144347294941e-05,2.41144347294941e-05,5.81505962323034e-10,0.00364039635271132,TRUE,TRUE,0.072689807061618
"ssvs",2019-10-01,"gha",-0.451727754964882,-0.613199685580347,-0.161471930615465,0.161471930615465,0.0260731843766857,0.129257260094488,TRUE,TRUE,4.32080869866652
"ssvs",2019-10-01,"exp",3.37,3.39815080169235,0.0281508016923504,0.0281508016923504,0.000792467635922038,0.0677982675162652,TRUE,TRUE,1.24041120436097
"ssvs",2019-10-01,"selic",6.18884498273218,6.23574682355626,0.046901840824078,0.046901840824078,0.00219978267268715,0.0802357957883961,TRUE,TRUE,4.28014378136769
"ssvs",2019-11-01,"igi",1,0.711936480662922,-0.288063519337078,0.288063519337078,0.0829805911728631,0.240190614563844,FALSE,FALSE,0.188567331614857
"ssvs",2019-11-01,"ci",1,0.999686535041817,-0.000313464958183185,0.000313464958183185,9.82602800087859e-08,0.00355404729949667,TRUE,TRUE,0.072689807061618
"ssvs",2019-11-01,"gha",-0.363862648581769,-0.724162057600587,-0.360299409018818,0.360299409018818,0.129815664139309,0.21732527996923,TRUE,TRUE,4.32080869866652
"ssvs",2019-11-01,"exp",3.81,3.42225523449897,-0.387744765501028,0.387744765501028,0.150346003173448,0.254043887838019,FALSE,TRUE,1.24041120436097
"ssvs",2019-11-01,"selic",6.07260682024735,6.12783717155629,0.0552303513089392,0.0552303513089392,0.00305039170570884,0.0827700834397068,TRUE,TRUE,4.28014378136769
"ssvs",2019-12-01,"igi",0.981329524820544,0.959480969127516,-0.0218485556930281,0.0218485556930281,0.000477359385871352,0.0223530212189007,TRUE,TRUE,0.188567331614857
"ssvs",2019-12-01,"ci",1,0.995837113155318,-0.0041628868446818,0.0041628868446818,1.73296268816248e-05,0.00402254287077559,TRUE,TRUE,0.072689807061618
"ssvs",2019-12-01,"gha",-0.278831900469079,-0.790101846059473,-0.511269945590394,0.511269945590394,0.261396957264005,0.306096209183798,FALSE,TRUE,4.32080869866652
"ssvs",2019-12-01,"exp",4.1,3.90413691073441,-0.195863089265585,0.195863089265585,0.0383623497366586,0.116542876575612,TRUE,TRUE,1.24041120436097
"ssvs",2019-12-01,"selic",5.9459403577294,5.99441427510111,0.0484739173717079,0.0484739173717079,0.00234972066535917,0.0804057751099909,TRUE,TRUE,4.28014378136769
"ssvs",2020-01-01,"igi",0.718596176759615,0.941461833400483,0.222865656640868,0.222865656640868,0.0496691009099651,0.174360265127446,FALSE,FALSE,0.188567331614857
"ssvs",2020-01-01,"ci",1,0.993956717101481,-0.00604328289851919,0.00604328289851919,3.65212681915345e-05,0.00448642069553616,TRUE,TRUE,0.072689807061618
"ssvs",2020-01-01,"gha",-1.14220082511388,-0.694440161075049,0.447760664038831,0.447760664038831,0.200489612260495,0.265559310792941,TRUE,TRUE,4.32080869866652
"ssvs",2020-01-01,"exp",3.44,4.20354598083437,0.763545980834371,0.763545980834371,0.583002464848322,0.604335104271031,FALSE,FALSE,1.24041120436097
"ssvs",2020-01-01,"selic",5.77733730961685,5.87166542989943,0.0943281202825785,0.0943281202825785,0.0088977942760446,0.0890882674792188,TRUE,TRUE,4.28014378136769
"ssvs",2020-02-01,"igi",0.696348024674756,0.685984021833371,-0.0103640028413849,0.0103640028413849,0.000107412554896235,0.0205114644174466,TRUE,TRUE,0.188567331614857
"ssvs",2020-02-01,"ci",1,0.998845360325054,-0.00115463967494633,0.00115463967494633,1.33319277896018e-06,0.00362698854297263,TRUE,TRUE,0.072689807061618
"ssvs",2020-02-01,"gha",-2.00556974975868,-2.07501284278061,-0.0694430930219321,0.0694430930219321,0.00482234316845271,0.118207605329981,TRUE,TRUE,4.32080869866652
"ssvs",2020-02-01,"exp",3.46,3.48983003855461,0.0298300385546137,0.0298300385546137,0.000889831200169743,0.0692106991358069,TRUE,TRUE,1.24041120436097
"ssvs",2020-02-01,"selic",5.56681419824334,5.66209555034994,0.095281352106598,0.095281352106598,0.00907853605926152,0.0899706970458532,TRUE,TRUE,4.28014378136769
"ssvs",2020-03-01,"igi",0.744792120162424,0.669297633218896,-0.0754944869435284,0.0754944869435284,0.00569941755886659,0.0452620559707927,TRUE,TRUE,0.188567331614857
"ssvs",2020-03-01,"ci",1,0.999209425753463,-0.000790574246536946,0.000790574246536946,6.2500763928746e-07,0.00358786735364157,TRUE,TRUE,0.072689807061618
"ssvs",2020-03-01,"gha",-2.81323745345866,-2.82069873887726,-0.00746128541859692,0.00746128541859692,5.5670780097767e-05,0.112236683497448,TRUE,TRUE,4.32080869866652
"ssvs",2020-03-01,"exp",3.13,3.50918133727453,0.379181337274526,0.379181337274526,0.143778486537298,0.240294153626507,FALSE,TRUE,1.24041120436097
"ssvs",2020-03-01,"selic",5.43021933563987,5.41215988388293,-0.018059451756943,0.018059451756943,0.000326143797761352,0.0786006905062655,TRUE,TRUE,4.28014378136769
"ssvs",2020-04-01,"igi",0.614336108827054,0.718232535121233,0.103896426294179,0.103896426294179,0.0107944673967017,0.0653054428312794,FALSE,TRUE,0.188567331614857
"ssvs",2020-04-01,"ci",1,1.00143932831824,0.00143932831823834,0.00143932831823834,2.07166600768281e-06,0.00371162465228953,TRUE,TRUE,0.072689807061618
"ssvs",2020-04-01,"gha",-5.70238718279039,-3.57015009013148,2.13223709265891,2.13223709265891,4.54643501931051,1.8737059428457,FALSE,FALSE,4.32080869866652
"ssvs",2020-04-01,"exp",2.5,3.15336547974871,0.653365479748715,0.653365479748715,0.426886450127268,0.495373538601517,FALSE,FALSE,1.24041120436097
"ssvs",2020-04-01,"selic",5.17849577176646,5.32757301971426,0.149077247947798,0.149077247947798,0.0222240258556891,0.105572826074746,TRUE,TRUE,4.28014378136769
"ssvs",2020-05-01,"igi",0.697980641983104,0.601032183404789,-0.0969484585783151,0.0969484585783151,0.00939900362071129,0.0600881768786015,FALSE,TRUE,0.188567331614857
"ssvs",2020-05-01,"ci",1,1.00650329513262,0.00650329513261605,0.00650329513261605,4.22928475819076e-05,0.00467968979650268,TRUE,TRUE,0.072689807061618
"ssvs",2020-05-01,"gha",-8.49833853375657,-7.81278369361259,0.685554840143982,0.685554840143982,0.46998543884484,0.437640399964879,FALSE,TRUE,4.32080869866652
"ssvs",2020-05-01,"exp",2.67,2.4478214179458,-0.222178582054199,0.222178582054199,0.0493633223236147,0.132038098911226,TRUE,TRUE,1.24041120436097
"ssvs",2020-05-01,"selic",4.86465502448645,4.98228839129408,0.117633366807627,0.117633366807627,0.0138376089864976,0.0969033360569366,TRUE,TRUE,4.28014378136769
"ssvs",2020-06-01,"igi",0.618410053019843,0.689185187159695,0.0707751341398516,0.0707751341398516,0.00500911961251399,0.0416002621862483,TRUE,TRUE,0.188567331614857
"ssvs",2020-06-01,"ci",1,1.0049653214931,0.00496532149309559,0.00496532149309559,2.4654417529797e-05,0.00428594258424258,TRUE,TRUE,0.072689807061618
"ssvs",2020-06-01,"gha",-11.3874882630883,-10.5299851991611,0.857503063927224,0.857503063927224,0.735311504644577,0.586830663164112,FALSE,FALSE,4.32080869866652
"ssvs",2020-06-01,"exp",3.22,2.65448808633541,-0.565511913664592,0.565511913664592,0.319803724496589,0.403133230467951,FALSE,FALSE,1.24041120436097
"ssvs",2020-06-01,"selic",4.59328237288532,4.60661978774808,0.0133374148627574,0.0133374148627574,0.000177886635221302,0.0816148783481842,TRUE,TRUE,4.28014378136769
"ssvs",2020-07-01,"igi",0.644312255357632,0.619050160327911,-0.0252620950297208,0.0252620950297208,0.000638173445290643,0.0234610153065983,TRUE,TRUE,0.188567331614857
"ssvs",2020-07-01,"ci",1,0.999935971169299,-6.40288307012238e-05,6.40288307012238e-05,4.09969116096598e-09,0.00357310115815419,TRUE,TRUE,0.072689807061618
"ssvs",2020-07-01,"gha",-9.3855916068707,-13.4213434308006,-4.0357518239299,4.0357518239299,16.2872927843535,3.74696352754426,FALSE,FALSE,4.32080869866652
"ssvs",2020-07-01,"exp",3.2,3.28673120402724,0.0867312040272412,0.0867312040272412,0.00752230175201494,0.0792545696126486,TRUE,TRUE,1.24041120436097
"ssvs",2020-07-01,"selic",4.19808055025734,4.36423435465388,0.166153804396537,0.166153804396537,0.0276070867154428,0.111416597422029,TRUE,TRUE,4.28014378136769
"ssvs",2020-08-01,"igi",0.50902807123662,0.64136630834832,0.1323382371117,0.1323382371117,0.0175134090018326,0.0879580013144427,FALSE,TRUE,0.188567331614857
"ssvs",2020-08-01,"ci",1,0.999702661440702,-0.000297338559297589,0.000297338559297589,8.84102188451656e-08,0.00357804884730347,TRUE,TRUE,0.072689807061618
"ssvs",2020-08-01,"gha",-7.31696506211252,-7.90876463586426,-0.591799573751736,0.591799573751736,0.350226735492736,0.356566374265884,FALSE,TRUE,4.32080869866652
"ssvs",2020-08-01,"exp",3.14,3.2411708573793,0.101170857379297,0.101170857379297,0.0102355423828621,0.0828567231272682,TRUE,TRUE,1.24041120436097
"ssvs",2020-08-01,"selic",3.84556963098286,3.90414990834136,0.0585802773584989,0.0585802773584989,0.00343164889539866,0.0819023828965847,TRUE,TRUE,4.28014378136769
"ssvs",2020-09-01,"igi",0.460566696696968,0.513837799208212,0.0532711025112445,0.0532711025112445,0.00283781036276352,0.0327620921881117,TRUE,TRUE,0.188567331614857
"ssvs",2020-09-01,"ci",1,0.999745338362159,-0.000254661637840714,0.000254661637840714,6.4852549787715e-08,0.0035267648567425,TRUE,TRUE,0.072689807061618
"ssvs",2020-09-01,"gha",-5.24833851735433,-5.73760446579327,-0.489265948438943,0.489265948438943,0.239381168301858,0.2985244855716,TRUE,TRUE,4.32080869866652
"ssvs",2020-09-01,"exp",3.37,3.17745487093797,-0.192545129062034,0.192545129062034,0.0370736267255155,0.115675280431923,TRUE,TRUE,1.24041120436097
"ssvs",2020-09-01,"selic",3.53545942901896,3.58043649279677,0.0449770637778122,0.0449770637778122,0.00202293626607339,0.0816714341841604,TRUE,TRUE,4.28014378136769
"ssvs",2020-10-01,"igi",0.508204531969605,0.463618816094373,-0.0445857158752317,0.0445857158752317,0.00198788606010689,0.0285842793373602,TRUE,TRUE,0.188567331614857
"ssvs",2020-10-01,"ci",1,0.997523083557046,-0.00247691644295411,0.00247691644295411,6.13511506537646e-06,0.00365483958344326,TRUE,TRUE,0.072689807061618
"ssvs",2020-10-01,"gha",-3.97737747075211,-3.67768279576573,0.299694674986378,0.299694674986378,0.089816898215191,0.197281788503514,TRUE,TRUE,4.32080869866652
"ssvs",2020-10-01,"exp",3.92,3.44328362569457,-0.476716374305433,0.476716374305433,0.227258501530918,0.325130116927985,FALSE,TRUE,1.24041120436097
"ssvs",2020-10-01,"selic",3.20572866650617,3.28256209750251,0.0768334309963357,0.0768334309963357,0.00590337611866867,0.0876207404865161,TRUE,TRUE,4.28014378136769
"ssvs",2020-11-01,"igi",0.479623500786908,0.508292965252082,0.0286694644651735,0.0286694644651735,0.000821938192719849,0.0241738874390552,TRUE,TRUE,0.188567331614857
"ssvs",2020-11-01,"ci",0.993125,0.993287567092357,0.000162567092356736,0.000162567092356736,2.64280595173234e-08,0.00349814810288124,TRUE,TRUE,0.072689807061618
"ssvs",2020-11-01,"gha",-2.66405105592981,-3.04768039186993,-0.383629335940125,0.383629335940125,0.147171467393861,0.22998186308403,TRUE,TRUE,4.32080869866652
"ssvs",2020-11-01,"exp",4.11,4.02782339723821,-0.0821766027617876,0.0821766027617876,0.00675299404146864,0.0767615186423978,TRUE,TRUE,1.24041120436097
"ssvs",2020-11-01,"selic",2.96925409394893,2.96557439504411,-0.00367969890482422,0.00367969890482422,1.35401840301646e-05,0.0801330688501581,TRUE,TRUE,4.28014378136769
"ssvs",2020-12-01,"igi",0.402116942835389,0.482043048549346,0.0799261057139569,0.0799261057139569,0.00638818237459862,0.0476773259082415,TRUE,TRUE,0.188567331614857
"ssvs",2020-12-01,"ci",0.99375,0.984888509720728,-0.00886149027927163,0.00886149027927163,7.85260099696256e-05,0.00559186220392182,TRUE,TRUE,0.072689807061618
"ssvs",2020-12-01,"gha",-1.39309000932759,-1.77459871019706,-0.381508700869473,0.381508700869473,0.145548888839113,0.231065384347733,TRUE,TRUE,4.32080869866652
"ssvs",2020-12-01,"exp",4.1,4.21110198269307,0.111101982693071,0.111101982693071,0.0123436505583314,0.0846031737894666,TRUE,TRUE,1.24041120436097
"ssvs",2020-12-01,"selic",2.75381578210545,2.81259175039565,0.0587759682902029,0.0587759682902029,0.00345461444845094,0.0856077810253388,TRUE,TRUE,4.28014378136769
"ssvs",2021-01-01,"igi",0.471310372606226,0.405470372353725,-0.065840000252501,0.065840000252501,0.00433490563324934,0.0389336330257222,TRUE,TRUE,0.188567331614857
"ssvs",2021-01-01,"ci",1,0.986864286114804,-0.0131357138851961,0.0131357138851961,0.000172546979273733,0.00788299425894052,TRUE,TRUE,0.072689807061618
"ssvs",2021-01-01,"gha",-1.2171126928148,-0.513534785695483,0.703577907119317,0.703577907119317,0.495021871386398,0.439846267904502,FALSE,TRUE,4.32080869866652
"ssvs",2021-01-01,"exp",3.57,4.17793958768531,0.607939587685315,0.607939587685315,0.369590542274991,0.452258281498336,FALSE,FALSE,1.24041120436097
"ssvs",2021-01-01,"selic",2.51837667441583,2.62845553704432,0.110078862628488,0.110078862628488,0.0121173559975816,0.0946554573994485,TRUE,TRUE,4.28014378136769
"ssvs",2021-02-01,"igi",0.336702550886205,0.467551660844134,0.130849109957929,0.130849109957929,0.0171214895767823,0.0879435021848576,FALSE,TRUE,0.188567331614857
"ssvs",2021-02-01,"ci",0.985230769230769,0.996283774256532,0.0110530050257632,0.0110530050257632,0.000122168920099547,0.00663389350225538,TRUE,TRUE,0.072689807061618
"ssvs",2021-02-01,"gha",-1.041135376302,-1.13542982131211,-0.0942944450101084,0.0942944450101084,0.00889144235976436,0.137853131688365,TRUE,TRUE,4.32080869866652
"ssvs",2021-02-01,"exp",3.99,3.6092768651902,-0.380723134809796,0.380723134809796,0.144950105379398,0.242833764985523,FALSE,TRUE,1.24041120436097
"ssvs",2021-02-01,"selic",2.35482158150622,2.36206508004103,0.0072434985348111,0.0072434985348111,5.24682710238105e-05,0.0807256824910714,TRUE,TRUE,4.28014378136769
"ssvs",2021-03-01,"igi",0.437750125055564,0.349677142736954,-0.0880729823186099,0.0880729823186099,0.00775685021449417,0.0528252164261567,FALSE,TRUE,0.188567331614857
"ssvs",2021-03-01,"ci",0.953846153846154,0.97895384944379,0.0251076955976358,0.0251076955976358,0.000630396378223541,0.0172905888485747,FALSE,FALSE,0.072689807061618
"ssvs",2021-03-01,"gha",-0.882188122677541,-0.876319732817993,0.00586838985954785,0.00586838985954785,3.44379995436441e-05,0.131480052446644,TRUE,TRUE,4.32080869866652
"ssvs",2021-03-01,"exp",4.5,4.10100358584152,-0.398996414158479,0.398996414158479,0.159198138511325,0.259891815169605,FALSE,TRUE,1.24041120436097
"ssvs",2021-03-01,"selic",2.21201038934546,2.23892268299319,0.0269122936477277,0.0269122936477277,0.000724271549381527,0.081075526041947,TRUE,TRUE,4.28014378136769
"ssvs",2021-04-01,"igi",0.552744968025469,0.443500952336584,-0.109244015688885,0.109244015688885,0.0119342549638333,0.0689897456127594,FALSE,TRUE,0.188567331614857
"ssvs",2021-04-01,"ci",0.978461538461538,0.947531776881664,-0.0309297615798738,0.0309297615798738,0.000956650151387838,0.0227143120336969,FALSE,FALSE,0.072689807061618
"ssvs",2021-04-01,"gha",-1.22008660249197,-0.782514018624911,0.437572583867059,0.437572583867059,0.191469766152094,0.259932423021196,TRUE,TRUE,4.32080869866652
"ssvs",2021-04-01,"exp",4.1,4.61303066729767,0.513030667297675,0.513030667297675,0.263200465587897,0.35903641025024,FALSE,FALSE,1.24041120436097
"ssvs",2021-04-01,"selic",2.14066175824001,2.13393638393944,-0.00672537430056686,0.00672537430056686,4.52306594827251e-05,0.0821134971743185,TRUE,TRUE,4.28014378136769
"ssvs",2021-05-01,"igi",0.544447961309629,0.542526009019371,-0.0019219522902576,0.0019219522902576,3.69390060602643e-06,0.0205945404980668,TRUE,TRUE,0.188567331614857
"ssvs",2021-05-01,"ci",0.956923076923077,0.977429536128778,0.0205064592057013,0.0205064592057013,0.00042051486915509,0.0132504577080331,FALSE,TRUE,0.072689807061618
"ssvs",2021-05-01,"gha",-1.54708513134464,-1.5639443378099,-0.0168592064652564,0.0168592064652564,0.000284232842638143,0.131777121082454,TRUE,TRUE,4.32080869866652
"ssvs",2021-05-01,"exp",4.45,4.10105440802077,-0.348945591979234,0.348945591979234,0.121763026161738,0.219061144783105,FALSE,TRUE,1.24041120436097
"ssvs",2021-05-01,"selic",2.1712305915675,2.12144447894954,-0.0497861126179551,0.0497861126179551,0.0024786570096077,0.0824388614893645,TRUE,TRUE,4.28014378136769
"ssvs",2021-06-01,"igi",0.542209655734563,0.545079991378425,0.00287033564386174,0.00287033564386174,8.23882670842321e-06,0.0201184365590829,TRUE,TRUE,0.188567331614857
"ssvs",2021-06-01,"ci",0.955489230769231,0.952378731154316,-0.00311049961491505,0.00311049961491505,9.67520785438669e-06,0.00378439240913263,TRUE,TRUE,0.072689807061618
"ssvs",2021-06-01,"gha",-1.88498361115906,-1.87522947282986,0.0097541383292008,0.0097541383292008,9.51432145451842e-05,0.1306000611097,TRUE,TRUE,4.32080869866652
"ssvs",2021-06-01,"exp",4.4733,4.53043435206755,0.0571343520675489,0.0571343520675489,0.00326433418617863,0.0726141211954972,TRUE,TRUE,1.24041120436097
"ssvs",2021-06-01,"selic",2.27318771220573,2.21455704920216,-0.0586306630035724,0.0586306630035724,0.00343755464423848,0.0831083140684901,TRUE,TRUE,4.28014378136769
"ssvs",2021-07-01,"igi",0.402314200210209,0.538864148500741,0.136549948290532,0.136549948290532,0.018645888378147,0.0929026228460537,FALSE,FALSE,0.188567331614857
"ssvs",2021-07-01,"ci",0.930024615384615,0.952973794156535,0.0229491787719205,0.0229491787719205,0.000526664806305566,0.0153552099939856,FALSE,TRUE,0.072689807061618
"ssvs",2021-07-01,"gha",-1.8415536508321,-2.20296897692466,-0.361415326092557,0.361415326092557,0.130621037934589,0.220347708214354,TRUE,TRUE,4.32080869866652
"ssvs",2021-07-01,"exp",4.8871,4.50524783616926,-0.381852163830739,0.381852163830739,0.145811075022217,0.24324251494475,FALSE,TRUE,1.24041120436097
"ssvs",2021-07-01,"selic",2.44672241538046,2.38690259937272,-0.059819816007741,0.059819816007741,0.00357841038719999,0.0869876546450976,TRUE,TRUE,4.28014378136769
"ssvs",2021-08-01,"igi",0.449918725727574,0.416771539823309,-0.0331471859042655,0.0331471859042655,0.00109873593337194,0.025384432650459,TRUE,TRUE,0.188567331614857
"ssvs",2021-08-01,"ci",0.933852307692308,0.927871085335163,-0.00598122235714504,0.00598122235714504,3.57750208856117e-05,0.00443401185677802,TRUE,TRUE,0.072689807061618
"ssvs",2021-08-01,"gha",-1.7966760251609,-1.77520078964772,0.0214752355131791,0.0214752355131791,0.000461185740346508,0.129427238415746,TRUE,TRUE,4.32080869866652
"ssvs",2021-08-01,"exp",4.8249,4.93475923795961,0.109859237959606,0.109859237959606,0.0120690521650653,0.0841831760677683,TRUE,TRUE,1.24041120436097
"ssvs",2021-08-01,"selic",2.72288670304173,2.60496950633915,-0.117917196702582,0.117917196702582,0.0139044652781954,0.0994252931700979,TRUE,TRUE,4.28014378136769
"ssvs",2021-09-01,"igi",0.443110450996762,0.454230046265409,0.0111195952686472,0.0111195952686472,0.000123645398938521,0.0203287941243709,TRUE,TRUE,0.188567331614857
"ssvs",2021-09-01,"ci",0.901544615384615,0.933695566376457,0.0321509509918425,0.0321509509918425,0.00103368364967986,0.0238206416102011,FALSE,FALSE,0.072689807061618
"ssvs",2021-09-01,"gha",-1.75179839948971,-1.7736368391617,-0.0218384396719913,0.0218384396719913,0.000476917447307203,0.12998987457692,TRUE,TRUE,4.32080869866652
"ssvs",2021-09-01,"exp",5.3499,4.82873056245447,-0.521169437545533,0.521169437545533,0.271617582631527,0.363907589573909,FALSE,FALSE,1.24041120436097
"ssvs",2021-09-01,"selic",3.01005132241923,2.96628775362106,-0.0437635687981675,0.0437635687981675,0.00191524995395194,0.0872174417045971,TRUE,TRUE,4.28014378136769
"ssvs",2021-10-01,"igi",0.500868201892054,0.455706324892547,-0.0451618769995074,0.0451618769995074,0.00203959513411863,0.0286308531135139,TRUE,TRUE,0.188567331614857
"ssvs",2021-10-01,"ci",0.891993846153846,0.901684590096766,0.00969074394292047,0.00969074394292047,9.39105181672497e-05,0.00595484085748304,TRUE,TRUE,0.072689807061618
"ssvs",2021-10-01,"gha",-1.65683334429431,-1.72611363830344,-0.0692802940091268,0.0692802940091268,0.00479975913799106,0.131736287915786,TRUE,TRUE,4.32080869866652
"ssvs",2021-10-01,"exp",5.5051,5.38119786911904,-0.123902130880956,0.123902130880956,0.0153517380368416,0.0907906626780686,TRUE,TRUE,1.24041120436097
"ssvs",2021-10-01,"selic",3.34944146755098,3.25807589259663,-0.0913655749543465,0.0913655749543465,0.00834766828673831,0.0927879302849668,TRUE,TRUE,4.28014378136769
"ssvs",2021-11-01,"igi",0.3862200699166,0.507569209346902,0.121349139430302,0.121349139430302,0.0147256136404748,0.0796418702695307,FALSE,TRUE,0.188567331614857
"ssvs",2021-11-01,"ci",0.868270769230769,0.894945636615504,0.0266748673847349,0.0266748673847349,0.000711548549993194,0.0185414054754784,FALSE,FALSE,0.072689807061618
"ssvs",2021-11-01,"gha",-1.55870278725907,-1.67061547777784,-0.11191269051877,0.11191269051877,0.0125244502991499,0.134434746700846,TRUE,TRUE,4.32080869866652
"ssvs",2021-11-01,"exp",5.8906,5.47356955032899,-0.41703044967101,0.41703044967101,0.173914395952805,0.273198443173426,FALSE,TRUE,1.24041120436097
"ssvs",2021-11-01,"selic",3.80349792532155,3.65555435527666,-0.147943570044895,0.147943570044895,0.0218872999176286,0.109075094437049,TRUE,TRUE,4.28014378136769
"ssvs",2021-12-01,"igi",0.414873421116103,0.399785340506806,-0.0150880806092968,0.0150880806092968,0.000227650176472639,0.0207296512313671,TRUE,TRUE,0.188567331614857
"ssvs",2021-12-01,"ci",0.908769230769231,0.872487029224,-0.0362822015452308,0.0362822015452308,0.00131639814896875,0.0279056086935525,FALSE,FALSE,0.072689807061618
"ssvs",2021-12-01,"gha",-1.46373773206367,-1.45820743844449,0.00553029361917745,0.00553029361917745,3.05841475143148e-05,0.129324417115723,TRUE,TRUE,4.32080869866652
"ssvs",2021-12-01,"exp",5.2325,5.85770578462673,0.625205784626726,0.625205784626726,0.39088227313072,0.464836424596904,FALSE,FALSE,1.24041120436097
"ssvs",2021-12-01,"selic",4.43568775893224,4.19086319875092,-0.244824560181318,0.244824560181318,0.0599390652679757,0.147531079261381,TRUE,TRUE,4.28014378136769
"ssvs",2022-01-01,"igi",0.487096882890473,0.413065385096633,-0.0740314977938404,0.0740314977938404,0.00548066266559939,0.0443144881722989,TRUE,TRUE,0.188567331614857
"ssvs",2022-01-01,"ci",0.884963636363636,0.912812980352434,0.0278493439887977,0.0278493439887977,0.000775585960606382,0.0195016188720434,FALSE,FALSE,0.072689807061618
"ssvs",2022-01-01,"gha",-0.373564815680839,-1.40544763516584,-1.031882819485,1.031882819485,1.06478215314831,0.742246746267074,FALSE,FALSE,4.32080869866652
"ssvs",2022-01-01,"exp",5.3981,5.16461450915363,-0.233485490846371,0.233485490846371,0.0545154744357706,0.13946495945682,TRUE,TRUE,1.24041120436097
"ssvs",2022-01-01,"selic",5.04050751829499,4.94315689080517,-0.0973506274898162,0.0973506274898162,0.00947714467266095,0.0954770595231345,TRUE,TRUE,4.28014378136769
"ssvs",2022-02-01,"igi",0.510730827213576,0.492492534996098,-0.0182382922174782,0.0182382922174782,0.000332635303010126,0.0212615817755759,TRUE,TRUE,0.188567331614857
"ssvs",2022-02-01,"ci",0.881327272727273,0.890302485965616,0.00897521323834294,0.00897521323834294,8.05544526737263e-05,0.00567973183856894,TRUE,TRUE,0.072689807061618
"ssvs",2022-02-01,"gha",0.716608100701991,0.232801400783466,-0.483806699918525,0.483806699918525,0.234068922886053,0.290654067471054,TRUE,TRUE,4.32080869866652
"ssvs",2022-02-01,"exp",5.4581,5.37464483202818,-0.083455167971815,0.083455167971815,0.00696476506120385,0.0781730444252596,TRUE,TRUE,1.24041120436097
"ssvs",2022-02-01,"selic",5.70140355081796,5.51929713367763,-0.182106417140327,0.182106417140327,0.0331627471636867,0.118164170525834,TRUE,TRUE,4.28014378136769
"ssvs",2022-03-01,"igi",0.430701909770818,0.506268962628641,0.0755670528578234,0.0755670528578234,0.00571037947761707,0.0447714628289138,TRUE,TRUE,0.188567331614857
"ssvs",2022-03-01,"ci",0.832193939393939,0.888342510767266,0.0561485713733266,0.0561485713733266,0.00315266206726555,0.0474133345463628,FALSE,FALSE,0.072689807061618
"ssvs",2022-03-01,"gha",1.70128041227358,1.23376913982909,-0.467511272444493,0.467511272444493,0.218566789862669,0.280764122435873,TRUE,TRUE,4.32080869866652
"ssvs",2022-03-01,"exp",6.2688,5.40276741300201,-0.866032586997989,0.866032586997989,0.750012441742429,0.701115452485037,FALSE,FALSE,1.24041120436097
"ssvs",2022-03-01,"selic",6.47148363656744,6.21494520079939,-0.256538435768048,0.256538435768048,0.065811969026317,0.153478020825049,TRUE,TRUE,4.28014378136769
"ssvs",2022-04-01,"igi",0.404327274470482,0.442849877968827,0.038522603498345,0.038522603498345,0.0014839909802907,0.0266427322505049,TRUE,TRUE,0.188567331614857
"ssvs",2022-04-01,"ci",0.848048484848485,0.842296208313974,-0.00575227653451105,0.00575227653451105,3.30886853294864e-05,0.00450451584268752,TRUE,TRUE,0.072689807061618
"ssvs",2022-04-01,"gha",5.1829028141662,2.1529542984821,-3.0299485156841,3.0299485156841,9.1805880076963,2.71780252923158,FALSE,FALSE,4.32080869866652
"ssvs",2022-04-01,"exp",6.0072,6.20336014306108,0.196160143061084,0.196160143061084,0.0384788017257448,0.120016306147222,TRUE,TRUE,1.24041120436097
"ssvs",2022-04-01,"selic",7.13022348143995,7.09013787376526,-0.0400856076746949,0.0400856076746949,0.00160685594264956,0.0870956094044072,TRUE,TRUE,4.28014378136769
"ssvs",2022-05-01,"igi",0.384757000306539,0.404432744087432,0.0196757437808928,0.0196757437808928,0.00038713489333134,0.0218419831569455,TRUE,TRUE,0.188567331614857
"ssvs",2022-05-01,"ci",0.83689696969697,0.858474347439365,0.0215773777423952,0.0215773777423952,0.000465583230238012,0.0139502428847894,FALSE,TRUE,0.072689807061618
"ssvs",2022-05-01,"gha",8.55221481599778,7.28845873513046,-1.26375608086733,1.26375608086733,1.59707943192914,0.92325851263003,FALSE,FALSE,4.32080869866652
"ssvs",2022-05-01,"exp",6.1912,5.90537319470235,-0.285826805297653,0.285826805297653,0.0816969626266623,0.17505084673058,TRUE,TRUE,1.24041120436097
"ssvs",2022-05-01,"selic",0.730467938213913,7.69006825695521,6.9596003187413,6.9596003187413,48.4360365966239,6.75952423507746,FALSE,FALSE,4.28014378136769
"ssvs",2022-06-01,"igi",0.403715921101033,0.393048077344244,-0.0106678437567886,0.0106678437567886,0.000113802890419254,0.0204563123051792,TRUE,TRUE,0.188567331614857
"ssvs",2022-06-01,"ci",1,0.849684566374673,-0.150315433625327,0.150315433625327,0.0225947295859699,0.137809473927763,FALSE,FALSE,0.072689807061618
"ssvs",2022-06-01,"gha",12.0338372178904,10.5638045529528,-1.47003266493764,1.47003266493764,2.16099603598367,1.10951227840405,FALSE,FALSE,4.32080869866652
"ssvs",2022-06-01,"exp",3.6974,6.15499058737085,2.45759058737085,2.45759058737085,6.03975149513381,2.27502411514778,FALSE,FALSE,1.24041120436097
"ssvs",2022-06-01,"selic",0.828530953234968,-4.16210507854209,-4.99063603177706,4.99063603177706,24.9064480016715,4.37785721479056,FALSE,FALSE,4.28014378136769
